customer_id,full_nm,age,location
vms-364-ze91,rmu Fitzapxo,54,"San Jose, USA"
gji-928-iw63,lis Bantlqu,85,"Milan, Italy"
afh-536-de03,nyr Dexqlh,70,"San Jose, USA"
box-214-pl85,hgy Banptlq,59,"San Jose, USA"
oet-708-cs83,ajy Banyzmk,54,"Milan, Italy"
fpi-041-wh61,poq Bankmnt,89,"Milan, Italy"
hyf-730-gz93,ugr Ashboke,30,"San Jose, USA"
sjq-027-ov36,cbv Elpjcg,66,"Paris, France"
eid-950-vt56,fgb Ashdyxu,56,"Milan, Italy"
jmo-267-nw29,fth Ashmeno,84,"LA, USA"
odk-869-cx09,lfv Elolrm,65,"Milan, Italy"
ijc-245-wu02,vic Degwtr,86,"Milan, Italy"
ltb-325-kn70,zsd Elmliu,83,"San Jose, USA"
zdm-754-th21,hzy Fitzmlch,31,"Milan, Italy"
huv-298-fo39,keh Defqin,53,"Milan, Italy"
jgy-543-rn12,pvu Ninkvoe,15,"Paris, France"
syu-381-ba47,zhv Banubxy,82,"Madrid, Spain"
bax-874-ga90,vui Elhxpd,73,"Milan, Italy"
zeo-186-na56,jxs Banbjqf,23,"Milan, Italy"
xub-417-yg48,bnc Ashayxh,73,"San Jose, USA"
arw-924-mq41,rla Elvmuk,24,"Paris, France"
dyb-625-qz24,omf Deeoiy,57,"Paris, France"
zku-172-qj57,guc Banvrtp,53,"Paris, France"
nzj-629-at82,ofh Ninzfko,28,"Paris, France"
ouj-067-tm35,blc Fitzevoc,83,"Milan, Italy"
jtx-720-vr56,jko Eltqwz,63,"Madrid, Spain"
ehb-179-ag60,mql Ninhpno,77,"San Jose, USA"
qpl-281-gz42,fjw Fitzuqht,57,"Milan, Italy"
dqo-647-fy04,jap Elrkod,31,"Paris, France"
hpu-751-nx58,svx Banfxtn,27,"LA, USA"
sow-284-ut30,mgd Ninjapm,25,"Milan, Italy"
hjz-026-jq62,tbz Ninhdqg,63,"LA, USA"
onq-276-va31,zvn Ninjnrw,86,"Paris, France"
ghn-401-wp40,nmq Mcbdco,73,"Paris, France"
ury-806-qy62,fdo Mcgver,21,"Milan, Italy"
ibm-827-sw81,znr Mcjghc,15,"LA, USA"
dwl-350-rm79,cqi Ninhsjv,80,"Milan, Italy"
ylr-851-kt50,ouf Ninwdfh,54,"Paris, France"
jnt-103-wp28,vpa Elvmul,49,"Paris, France"
qhm-297-rg43,xng Ninufnq,45,"Milan, Italy"
bgw-657-mh98,vzg Ashbtxo,46,"Madrid, Spain"
xgy-521-yj48,nsl Ningdfp,57,"Paris, France"
mvl-928-lx31,hof Banubjy,78,"LA, USA"
eyo-562-lw29,hty Elmyrt,21,"Madrid, Spain"
xsu-509-dx70,cqd Mcnpbx,28,"LA, USA"
tif-910-yz59,ayp Mcwvpm,69,"Paris, France"
wkm-018-ng75,zal Dexgcw,54,"Milan, Italy"
wdy-905-ju68,dqw Deiurz,49,"Milan, Italy"
ywk-438-uq87,csu Ninnqim,18,"LA, USA"
djn-572-kf01,fls Fitzskbj,50,"Paris, France"
mgi-746-ag72,yfo Ashjrep,41,"LA, USA"
ikq-351-ko84,ixq Ninivyo,17,"Paris, France"
xdi-372-oe06,xfq Fitzifxa,17,"Madrid, Spain"
btx-147-be03,axv Ashqlmh,45,"Paris, France"
zlk-536-kv68,arv Mcitru,49,"LA, USA"
cvl-562-hg45,jdm Denuqo,85,"San Jose, USA"
jzs-079-br23,gir Banimgq,32,"LA, USA"
xif-642-bi34,acd Elguxw,48,"Paris, France"
zjt-674-xw17,xoh Ninorts,49,"San Jose, USA"
vsj-917-uk65,gsv Banoldb,45,"Paris, France"
pvg-598-px13,foy Deqmwe,15,"LA, USA"
gky-590-iu73,pos Dequtb,64,"Paris, France"
yqm-180-er98,ocm Ashajur,75,"LA, USA"
ajx-254-zd23,lag Fitzubkf,43,"Milan, Italy"
sda-435-hc09,wqs Elophv,47,"San Jose, USA"
lxu-296-mv64,wou Devsgu,68,"San Jose, USA"
lzq-392-fl58,zbi Bansbux,24,"LA, USA"
han-798-oi72,guk Bandsre,52,"San Jose, USA"
huj-745-gw34,wbt Fitzvlpg,64,"Milan, Italy"
tps-415-uz56,ngc Ashfnpk,63,"Madrid, Spain"
cgq-712-zy58,qfe Ashxiyl,71,"Milan, Italy"
gsb-094-qh10,pzo Banhaiw,28,"Madrid, Spain"
gby-701-kb09,eku Banpvxd,69,"San Jose, USA"
qpf-967-de42,tpq Fitzwnia,60,"Paris, France"
qpi-317-yg83,ier Banfiqo,60,"Milan, Italy"
anx-978-fj25,ilr Fitzzskn,23,"San Jose, USA"
oxy-756-cd35,nql Fitzabdu,52,"Milan, Italy"
qbl-564-rz75,kyq Mcnfxw,20,"Madrid, Spain"
jix-652-ld25,qyg Ashvrfk,21,"Paris, France"
yop-425-mn94,bct Ninaxwe,47,"Milan, Italy"
lsw-790-gl80,tzw Ninqcva,51,"Paris, France"
ujx-187-gq01,sgz Banklpf,28,"LA, USA"
npl-928-ic81,ios Nindlhw,46,"San Jose, USA"
dmb-045-cr62,kgz Fitzvrbs,47,"San Jose, USA"
tqz-176-kq51,kfp Fitzorim,26,"San Jose, USA"
nhv-832-jf98,hfp Mcnuwe,31,"Madrid, Spain"
fsp-609-ji61,nug Deujdh,84,"Paris, France"
hsq-475-yx20,cpz Banlebz,54,"Milan, Italy"
zxl-154-oa48,eow Ashdqmv,72,"Paris, France"
far-715-bn54,gif Deuwbs,29,"LA, USA"
skg-439-cy61,uns Bantowi,52,"Paris, France"
xmf-645-lt17,mry Ninwolv,25,"San Jose, USA"
xqo-352-li02,xnu Ninkvjd,20,"Milan, Italy"
nvc-372-zl71,wjp Fitzvsnf,66,"LA, USA"
iuk-459-zl67,juz Detgol,66,"LA, USA"
lqx-931-rt36,azh Banpzkd,30,"San Jose, USA"
hqz-473-yi28,hny Ninhxzl,68,"San Jose, USA"
bft-029-hl27,opg Mclhmy,51,"San Jose, USA"
ytz-628-kg79,sxa Defsrj,27,"LA, USA"
wul-564-vs06,mkx Ninmitj,54,"Madrid, Spain"
uyo-201-bt86,nvp Ashyjlz,41,"Milan, Italy"
ewl-019-bn37,sji Elxqja,64,"Milan, Italy"
uso-870-wl18,qia Ninfnit,55,"LA, USA"
ojg-380-qn15,bqc Fitzptlv,87,"LA, USA"
enq-560-fk03,zsy Mcpnfy,75,"San Jose, USA"
xvi-568-de36,gcp Fitzthjd,29,"Paris, France"
wsf-316-jt35,cya Dedcbi,40,"Madrid, Spain"
syg-586-se27,yxw Elpbmz,22,"San Jose, USA"
zyg-568-eu61,xuy Demfxn,90,"LA, USA"
act-927-am14,wbx Elihtu,21,"Madrid, Spain"
fir-784-pn75,ang Elfniu,68,"Paris, France"
kmz-451-zo13,pfq Delmzx,61,"Milan, Italy"
vue-934-oi82,nfl Nincnrf,37,"Paris, France"
ntm-651-yv73,nre Dejavt,31,"Milan, Italy"
rxv-574-hp71,gnl Eltxiw,49,"San Jose, USA"
wky-315-wg79,nyt Fitzcpti,49,"San Jose, USA"
ojp-570-vz35,zgv Elinyw,16,"Paris, France"
akd-359-oe31,nbs Fitzlnzb,80,"Paris, France"
qpt-216-lx57,bce Ninvdbq,21,"San Jose, USA"
zlq-418-mf85,irn Fitzskit,34,"Milan, Italy"
sek-084-jd21,gaq Banjvkm,51,"Milan, Italy"
zkg-871-py24,gkz Dehofq,55,"Paris, France"
fav-475-ei58,pst Fitzricm,44,"Milan, Italy"
mdr-831-tn37,ngl Elvseo,20,"San Jose, USA"
oha-687-ez73,agv Ninpgdv,65,"San Jose, USA"
xsz-406-yv82,qtu Mcaqwl,51,"LA, USA"
ieq-087-kv24,vcl Devows,34,"San Jose, USA"
aem-293-rk74,gyl Ashslvq,90,"Milan, Italy"
ukf-536-gp69,ewl Ashsuxw,63,"LA, USA"
eab-089-pm47,pnd Mcchek,49,"San Jose, USA"
gjt-102-lr16,pix Fitzpdnx,74,"San Jose, USA"
avl-357-gv52,ngr Ningkbd,50,"San Jose, USA"
yib-569-qz87,nlx Fitzjalb,18,"San Jose, USA"
kta-927-tj62,poz Fitzczhu,26,"San Jose, USA"
uaj-910-hj37,ecn Banotnu,83,"Madrid, Spain"
sbr-572-uf92,umv Elbamx,57,"Paris, France"
web-972-ls89,qtg Ashdnpm,75,"Madrid, Spain"
gcp-386-zj53,vnt Banghjv,56,"Paris, France"
mxc-485-wu94,htp Ashhrtu,24,"Madrid, Spain"
dpj-803-ks87,hnv Elcqln,72,"Madrid, Spain"
rfy-926-rs18,zxw Nindjrw,39,"Madrid, Spain"
czo-618-go65,vqi Mcwgij,20,"Paris, France"
ste-754-xz56,eau Mcthrm,51,"San Jose, USA"
fgv-931-aq13,xam Ashzkhi,24,"Madrid, Spain"
xcq-801-fj40,zdo Ninnymd,33,"San Jose, USA"
bsr-913-oj73,xnk Ashiyfj,57,"Madrid, Spain"
wpt-532-pa19,fcu Elhysg,29,"Paris, France"
caf-769-kj81,umo Elyrme,54,"Paris, France"
wda-486-im21,sqr Ashtkpy,88,"LA, USA"
tno-365-gr81,ozu Banbygi,69,"San Jose, USA"
vhg-178-qb64,tgz Detuzo,20,"Madrid, Spain"
hcx-734-gz02,lfo Elrsue,26,"San Jose, USA"
pms-406-bs19,mix Mcvjom,84,"Milan, Italy"
tvg-359-rt18,cas Banbvtj,88,"Milan, Italy"
yzg-016-yd47,opb Ashsvjm,72,"Paris, France"
nue-068-dx46,lxy Banlhnf,23,"LA, USA"
kwu-190-nr98,yzh Bankqrw,77,"Madrid, Spain"
gvr-758-sv68,fxh Elzcar,45,"Paris, France"
gko-031-ce34,jio Delroc,58,"Paris, France"
zkj-369-qs92,mav Banlpji,88,"Madrid, Spain"
iew-941-pg94,few Ninwcvk,17,"Paris, France"
hsy-381-cw26,ots Ninokcb,19,"San Jose, USA"
fng-503-lf87,pqc Fitzbjew,38,"Milan, Italy"
jia-163-bz76,ord Ashmqcg,29,"Madrid, Spain"
cbd-539-tx91,ohw Ninqfyt,22,"Madrid, Spain"
gdo-247-ly71,mlb Mcmsxj,45,"LA, USA"
btk-416-we95,kyn Banxisj,55,"Madrid, Spain"
nqx-916-sz12,lnk Elwcqy,88,"Milan, Italy"
kmc-185-px23,bde Ninegcd,81,"Milan, Italy"
jst-251-us12,juo Depvbc,24,"Madrid, Spain"
cze-975-yg82,rcq Ashislc,15,"LA, USA"
mgq-196-ru65,gvo Mcokbv,58,"LA, USA"
zhj-768-oh96,ypx Elnilj,83,"Milan, Italy"
crl-081-jp34,kcw Fitzkxci,30,"Paris, France"
new-061-if24,ugq Fitzxzvn,28,"LA, USA"
zbq-453-um85,svp Elamdy,21,"Paris, France"
jhw-940-yo53,qzy Fitznwlg,19,"San Jose, USA"
xsg-987-wu45,ylo Deiglm,25,"LA, USA"
fqi-405-ex59,gpn Ashsepq,65,"Madrid, Spain"
lgw-254-zr90,qbt Elrwvn,69,"San Jose, USA"
wsc-987-kc02,oqk Eltvco,22,"Milan, Italy"
qev-724-gz41,uzk Ashnvga,26,"Milan, Italy"
wmr-341-ge79,mgk Elwysx,90,"Madrid, Spain"
ain-375-vt08,fnt Ashzlur,90,"Madrid, Spain"
nzt-197-zy38,qup Ninxjpz,87,"Milan, Italy"
gro-504-sr85,aqo Fitzdswj,58,"LA, USA"
gcz-183-du51,iys Fitzcgsj,18,"Madrid, Spain"
gue-760-og71,any Mcaibq,23,"Madrid, Spain"
kqt-542-sj36,okt Ninquig,82,"San Jose, USA"
adq-842-mv60,ecs Fitzbvsu,36,"Paris, France"
ezw-692-lp29,fjk Fitzqkdm,46,"Milan, Italy"
lcy-259-nr16,ucy Delsjg,76,"LA, USA"
vwc-519-hc64,gui Bancgbi,20,"San Jose, USA"
nli-169-kb21,ret Elnkiu,77,"Paris, France"
nvr-781-ow28,jzy Nincudj,42,"San Jose, USA"
xrf-497-gz14,nas Ninmqcs,39,"Milan, Italy"
bpn-134-bm60,gnh Elhfsc,70,"Paris, France"
wvl-736-ae94,xog Delvew,20,"Madrid, Spain"
ulc-358-xw29,phc Fitzjyhg,18,"Madrid, Spain"
sga-142-ya07,ibx Desahv,69,"Milan, Italy"
wua-539-jp43,zgy Mcpyst,49,"San Jose, USA"
mqz-692-iz68,ujm Fitzpzyk,57,"Madrid, Spain"
ief-562-be01,quk Elsein,65,"LA, USA"
hds-983-ph21,kce Ninivpw,31,"Madrid, Spain"
ras-159-vx23,soi Ashraxv,78,"LA, USA"
diy-940-wm86,fgz Elrlti,27,"Milan, Italy"
oqg-792-pb91,oam Banfmvr,19,"Madrid, Spain"
uqs-695-gh46,ubq Mcfibe,78,"San Jose, USA"
uwt-632-wk60,bvd Elwljk,33,"Milan, Italy"
cba-316-yx50,qvs Ninceri,59,"LA, USA"
dhf-608-wu89,yuw Deusil,50,"Madrid, Spain"
gxd-932-rb19,yxo Deneld,72,"Milan, Italy"
cdm-230-ik62,avw Ashumsz,51,"San Jose, USA"
goi-214-cu56,kdi Degzkr,85,"Madrid, Spain"
dkw-201-gd34,kfu Deilzq,36,"Paris, France"
smv-563-yc84,eyh Elrmte,16,"San Jose, USA"
avj-536-cv93,buq Fitzjrnd,82,"San Jose, USA"
mwj-349-hq78,mlv Ninabgi,65,"LA, USA"
ikq-879-bf35,zow Declto,42,"Milan, Italy"
sta-548-es60,nqr Banouxk,48,"LA, USA"
xlb-419-ti92,eug Fitzisal,17,"Paris, France"
asr-206-ec82,nwt Ashihug,42,"LA, USA"
jlo-326-bf92,fig Fitzwmxv,90,"Paris, France"
vhi-081-ez73,mwa Elnlua,18,"Milan, Italy"
bat-165-hz35,hvf Ninzwbj,55,"Paris, France"
abp-742-yi43,grc Eldjuc,51,"Milan, Italy"
wnz-104-rk03,hzt Ashinuz,61,"Paris, France"
nhc-894-yk36,vzc Mcevux,53,"Madrid, Spain"
wqm-365-dp13,mpr Ashlmtj,66,"LA, USA"
xfw-809-ly26,sti Dewrtz,35,"San Jose, USA"
ujv-532-wn82,guy Mcxmeq,53,"Madrid, Spain"
abc-351-ba82,elw Fitzhymr,54,"San Jose, USA"
gev-327-al01,opz Defzbw,72,"San Jose, USA"
cte-927-kz23,xul Degmel,42,"San Jose, USA"
jmq-924-fr89,jhy Deihef,31,"Paris, France"
zqy-354-ew97,wjn Banqxjh,43,"San Jose, USA"
xvr-794-vj06,yho Banmopg,85,"Milan, Italy"
sfx-038-br05,zxj Fitztqrp,63,"Milan, Italy"
gop-368-bf74,lfs Banzwik,79,"San Jose, USA"
dtx-528-zy36,jmp Mczndl,47,"San Jose, USA"
oat-364-yc96,avb Ashxspr,41,"Milan, Italy"
qyx-381-ew28,zsb Ashilqc,34,"San Jose, USA"
uft-278-ay19,yvm Mcepoa,68,"San Jose, USA"
cvt-193-ia93,tnz Ashplgt,17,"Paris, France"
vaf-053-fw98,ase Banqpdi,84,"Paris, France"
geq-517-fx49,fmk Ashbiae,89,"San Jose, USA"
uly-235-ow49,gnf Fitzndko,15,"Madrid, Spain"
kmj-493-yd97,zxi Baneilk,62,"San Jose, USA"
kdc-173-ld82,gux Demfnb,74,"Paris, France"
myh-461-bg52,ubl Baneqig,46,"Milan, Italy"
oyt-915-on59,aom Deztui,70,"San Jose, USA"
lzw-673-de76,zhx Elcekt,56,"Madrid, Spain"
muy-721-en48,zyo Eltpzg,51,"LA, USA"
exb-547-tp58,ciy Fitzmjgp,68,"Milan, Italy"
kdp-526-su03,hyv Ninjrlz,52,"Paris, France"
bhp-137-se18,vko Ashxzjh,49,"Madrid, Spain"
mfz-768-ae24,xtf Ashsnur,33,"Madrid, Spain"
jth-906-ku42,bos Ashnuxs,51,"Paris, France"
ivk-140-fn64,mqn Nindupk,64,"Paris, France"
lri-708-hq16,buy Ninmsdl,67,"San Jose, USA"
tyf-126-wx12,zdu Elpmeu,62,"San Jose, USA"
gxz-472-tl21,vzu Banxuzp,73,"Madrid, Spain"
pwh-146-fk13,rjz Bandhzw,32,"San Jose, USA"
rmz-291-qr29,lvq Fitzdjum,49,"San Jose, USA"
ncx-034-lg91,ras Elwubg,52,"Paris, France"
nyr-493-sz19,glj Ninzbwi,57,"Milan, Italy"
mgl-876-rk41,vnb Elnfyu,32,"Milan, Italy"
rax-907-ft07,qck Elnyds,90,"Madrid, Spain"
vsi-570-hp73,sgv Elvyoq,56,"LA, USA"
fcx-406-jb73,tkd Ninrhwb,57,"Madrid, Spain"
szc-105-ts37,vwe Devpnt,55,"Madrid, Spain"
nlr-504-xf65,nog Ashrnvf,75,"Milan, Italy"
qgj-592-lb10,xqv Defvze,52,"Paris, France"
qye-327-iv58,iny Banaobf,48,"LA, USA"
iuk-302-tm25,zqe Fitziamo,29,"Madrid, Spain"
iqb-806-fm36,swq Desfvl,72,"Madrid, Spain"
kqu-607-tk01,npq Ashegzc,78,"San Jose, USA"
mcb-938-un93,sja Ashcuxy,59,"Milan, Italy"
imj-176-je36,aut Bangulw,64,"Paris, France"
ryj-348-nx61,efh Mcrjvu,16,"Milan, Italy"
cwj-407-ef96,thw Banpxkn,31,"Milan, Italy"
noj-029-rd96,wsr Devroe,58,"Madrid, Spain"
enz-429-sz54,zgc Ashmiyo,84,"LA, USA"
ocx-158-lb21,mxe Mcvuqg,85,"San Jose, USA"
ifj-759-jr39,bul Ashfmch,73,"Paris, France"
rtw-758-su61,uqo Elqcgn,42,"Madrid, Spain"
zuf-147-ie68,swi Elfcok,23,"Paris, France"
xwr-569-fv76,epl Elmjuw,63,"Madrid, Spain"
whr-792-ku49,qit Banbuhj,79,"San Jose, USA"
nvm-319-mo06,iwx Banuino,53,"San Jose, USA"
flx-745-gf32,ase Mcsqyt,46,"Milan, Italy"
nfk-409-jt87,tjy Dehsqz,49,"Paris, France"
hej-563-kc84,nha Ashauol,72,"Paris, France"
wpa-269-bk87,khb Mclqxt,33,"San Jose, USA"
sfq-325-rk69,sbh Ninuegj,68,"LA, USA"
ijr-032-px05,pil Ashcsnl,63,"Paris, France"
kcd-150-zx56,ofr Ninunap,74,"Paris, France"
rhf-624-mq65,dar Fitzvuqz,44,"Madrid, Spain"
wdp-178-ja41,wal Mcqsuv,34,"Milan, Italy"
fjv-952-cr19,hks Ashendu,83,"LA, USA"
uzt-857-ly12,apo Mcushq,54,"San Jose, USA"
xoc-267-lb12,zew Elhiel,39,"LA, USA"
ogh-486-gu75,yla Fitzgsnj,83,"LA, USA"
bfj-963-gj97,fxr Fitzftrv,47,"Madrid, Spain"
syc-970-pe95,tup Fitzaoyx,47,"Milan, Italy"
feb-103-ul19,jop Fitzkovi,53,"Milan, Italy"
phf-720-xb50,pjs Elunte,63,"Milan, Italy"
khs-478-kn79,fax Ashamed,25,"Paris, France"
emk-572-ku24,zko Ashxmcg,57,"Madrid, Spain"
thb-054-vp21,woy Devrxf,22,"Madrid, Spain"
gbw-314-dh43,yfa Mcfhlg,54,"Madrid, Spain"
yzo-739-ax51,lxw Ashnvjm,29,"LA, USA"
kgj-167-nm82,efb Elbfye,15,"Milan, Italy"
xnw-507-uz72,gqp Banrtcx,43,"Paris, France"
fzs-475-nm51,luq Elelki,69,"Paris, France"
uos-410-gh16,xhl Ninqgzk,50,"LA, USA"
evq-569-dh79,qio Fitzrosp,59,"LA, USA"
ijq-463-rd92,auo Dexaeh,59,"LA, USA"
dpt-084-so93,rza Ninzidq,68,"Madrid, Spain"
dxt-520-ig39,uns Ninshde,35,"Milan, Italy"
chr-316-vg91,azo Ninjwbh,52,"Madrid, Spain"
rht-150-cy47,wax Mcklwg,46,"Milan, Italy"
ljo-148-kd18,gmi Mconzq,40,"Madrid, Spain"
biy-237-vb03,lgm Mckghf,22,"San Jose, USA"
eth-134-ko56,esn Demeuk,36,"San Jose, USA"
wio-578-yn38,cnw Ashomnx,21,"Madrid, Spain"
cfp-139-hf46,jab Fitzxdqg,77,"Milan, Italy"
auk-164-qs91,knp Ashchfx,30,"San Jose, USA"
jws-153-st13,crg Ninutfs,65,"Paris, France"
nuy-174-gj69,qhy Elesdl,65,"San Jose, USA"
cbp-394-ob96,ilu Eligat,40,"Paris, France"
vbf-413-qy05,xoq Fitzhnpv,69,"LA, USA"
adw-173-ij03,vhy Mchuiw,60,"Madrid, Spain"
qiw-185-qx24,vjk Elwbqj,81,"Madrid, Spain"
gan-739-oi40,ujx Mcgfav,35,"Paris, France"
yen-716-ax89,gdl Ashrpvi,33,"LA, USA"
qcp-465-wt40,wex Ashfazh,77,"Madrid, Spain"
mdc-308-ru29,abs Dehczt,20,"LA, USA"
jyx-581-ro59,cny Dezwbr,41,"LA, USA"
vfo-721-ec21,ipr Fitzizgh,39,"Milan, Italy"
kma-235-uf24,wnu Mcbkco,51,"Milan, Italy"
ejw-548-nm37,lyq Banhwqd,81,"Paris, France"
nuk-631-ui17,bri Banhbqd,74,"Paris, France"
hqs-709-cv71,vng Ashwqvb,68,"Milan, Italy"
vhm-315-pl82,jly Ninagpy,70,"LA, USA"
hfx-652-uc70,jrd Deveqp,21,"Paris, France"
zlx-671-jg07,hyd Deiaob,15,"Paris, France"
gek-078-fv71,trd Eljnzd,88,"Madrid, Spain"
wud-632-ba58,pdn Fitzkhzd,20,"Madrid, Spain"
hcf-403-gz76,dlb Ashtpmk,58,"Paris, France"
zwc-048-br08,xrk Depfvc,52,"Madrid, Spain"
fvk-172-bw37,tkr Ninagjd,59,"San Jose, USA"
upw-782-cd07,jmg Fitzgqre,69,"Milan, Italy"
tio-108-am18,nrg Ninwvpm,26,"LA, USA"
eta-893-bo75,slw Mcysqp,70,"Paris, France"
atj-016-ak26,nwo Elvneo,31,"Milan, Italy"
fto-278-jf24,qvf Banvcod,40,"Paris, France"
ymq-136-cr29,yhq Ninzgtv,23,"LA, USA"
rpm-706-vu48,lry Elquyj,87,"San Jose, USA"
now-571-ul90,cfw Ashmdto,27,"Milan, Italy"
ard-621-go34,dzm Ashjyuv,58,"San Jose, USA"
ylx-402-jw61,iky Mctwem,81,"Milan, Italy"
fsk-340-wg06,twr Fitzvsxj,32,"Madrid, Spain"
hrx-509-kj62,pwe Fitzigwb,67,"San Jose, USA"
ioh-058-ij27,lsd Elwsfo,59,"Paris, France"
cln-157-bo43,uys Elgiks,87,"LA, USA"
tky-381-rz65,jda Ashdcjx,20,"LA, USA"
spy-174-dw04,wiv Ellrcb,47,"LA, USA"
qvd-489-sw68,fzt Ashfznb,62,"San Jose, USA"
mgi-975-wm70,yjn Ninyasg,29,"Madrid, Spain"
wzm-367-vj41,swb Ashrgta,32,"Paris, France"
smv-863-lj78,yex Bankvhd,29,"Madrid, Spain"
lwg-361-fx60,nac Ninbicj,79,"San Jose, USA"
veg-782-sr40,rft Nintezp,74,"LA, USA"
ksg-879-ml40,bvi Banvmfs,86,"San Jose, USA"
inx-341-sv58,nsr Elgvzt,31,"Milan, Italy"
eks-357-ni16,ezm Fitzciem,71,"LA, USA"
ste-356-nh24,gwz Ashqrfi,35,"San Jose, USA"
jtf-839-qf89,qpb Ashqnbk,51,"LA, USA"
xno-895-cj40,mts Bangmts,71,"San Jose, USA"
xbc-508-li45,ckp Ellpmt,76,"Milan, Italy"
jdf-081-ag79,nmf Mceiwb,59,"Paris, France"
wfk-185-up05,who Ningfmy,41,"Paris, France"
mpq-465-nx27,pos Dedsay,46,"Milan, Italy"
qph-083-dp09,yph Ashngta,90,"Paris, France"
nih-638-cz15,ios Banzbwp,61,"Milan, Italy"
tsa-706-tz09,use Mcjphb,79,"Madrid, Spain"
jit-268-dl76,auf Elyqac,25,"Milan, Italy"
atn-579-ot76,lqt Dejeqg,82,"LA, USA"
kra-690-uy87,qwf Banzscu,48,"Paris, France"
svf-541-pe50,fho Mceztg,67,"Madrid, Spain"
vcr-357-al58,evr Deajuw,32,"Milan, Italy"
boy-749-vd76,asr Ninwlbt,32,"Madrid, Spain"
afp-706-pv30,lah Ashutry,80,"Milan, Italy"
yax-420-ds57,wvk Dedhvw,56,"Milan, Italy"
txp-265-nx73,pug Mcbryl,58,"LA, USA"
tnk-270-dm23,xel Mcgjlu,21,"LA, USA"
sya-981-bh94,rft Depbwv,15,"San Jose, USA"
kpv-648-xa60,xcm Mcqldo,34,"Milan, Italy"
eoy-630-kw38,wuk Bandqxe,61,"Paris, France"
uhr-234-ra30,zir Elleob,83,"LA, USA"
hbd-471-eg16,tbq Banbvyp,55,"LA, USA"
xmn-691-rl23,upx Fitzqeho,22,"Paris, France"
sdn-357-fs34,bmp Mcxkup,36,"San Jose, USA"
oxf-379-ov83,rgq Elawby,75,"Paris, France"
qsv-476-km41,zxc Mclwax,42,"Paris, France"
iyn-369-kt81,ndw Ashkhpg,49,"San Jose, USA"
skm-893-xl29,ojk Dewumx,31,"Madrid, Spain"
vpb-763-kq35,xwv Mcdime,31,"Milan, Italy"
wkd-586-vl78,red Elzoij,18,"Paris, France"
bxz-653-mp65,cow Fitzsbmc,38,"Milan, Italy"
krs-879-uh25,sam Banazgv,89,"Paris, France"
ezm-580-hm14,moe Fitzmetr,35,"LA, USA"
slu-016-hu12,tlr Fitzshfd,17,"San Jose, USA"
ksc-356-cn25,xge Banfoel,61,"Milan, Italy"
jlm-472-ug32,dbh Ashsvqa,60,"Madrid, Spain"
zya-895-vt43,crm Ashhikp,46,"Madrid, Spain"
tvx-942-af14,hcj Fitznpso,58,"San Jose, USA"
gvx-396-nm50,nkz Ashuazq,52,"San Jose, USA"
tge-807-hz53,eqf Mcfpol,74,"LA, USA"
qet-561-yx59,hfe Deyzed,32,"Milan, Italy"
vju-789-hl03,vot Mclymt,41,"San Jose, USA"
icr-648-kt69,wds Ninjwhy,88,"San Jose, USA"
njh-512-ti79,cwr Ninnbvx,63,"Paris, France"
rjf-098-ul41,yva Fitzuany,41,"Madrid, Spain"
oqj-357-jq38,tlq Fitzqhbi,18,"LA, USA"
uoe-198-vn96,nvk Detvam,65,"Madrid, Spain"
jmd-963-cv71,meb Deetis,58,"Milan, Italy"
noh-247-tx15,hbq Debcln,47,"LA, USA"
qxb-273-eo29,psy Elujlc,18,"Milan, Italy"
epo-840-ac04,dsv Elrovi,22,"Madrid, Spain"
wxv-709-nm91,khc Mcvirb,53,"Milan, Italy"
xra-245-xc64,imh Fitzcknp,70,"Madrid, Spain"
nyd-083-sw02,omv Banhqku,18,"LA, USA"
dsj-296-og43,cfe Deqxyb,15,"LA, USA"
gtr-805-qt65,wga Ninwrzi,84,"San Jose, USA"
quo-297-wo94,ysn Mcpaoi,27,"Milan, Italy"
xqt-589-rf82,sid Deqkxf,32,"Paris, France"
zmv-490-bm52,oml Niniesv,54,"Milan, Italy"
szx-790-so91,hjt Deeudh,56,"Madrid, Spain"
xun-025-jd81,mqz Ashbpux,15,"LA, USA"
fbu-670-ah69,jqt Banrdus,71,"Paris, France"
oey-851-hy34,gmq Bancvmj,17,"Paris, France"
qrk-638-yw82,bde Bandngr,63,"San Jose, USA"
wha-245-fi37,cqk Deopul,19,"LA, USA"
icl-547-bm10,qgx Ashnacp,75,"Madrid, Spain"
bxr-638-km35,vyf Ninnyfp,49,"San Jose, USA"
afg-826-oc02,ogi Ninlsvc,69,"Milan, Italy"
exz-985-hb81,isa Fitzfuqh,75,"Milan, Italy"
pam-170-tc34,lzq Mckpwz,68,"Milan, Italy"
fou-524-lm96,dsa Banmeji,52,"Madrid, Spain"
mek-975-lt45,lqk Ninemnr,35,"Milan, Italy"
jbw-728-xq16,lhm Mcxuzp,58,"LA, USA"
qpe-497-wx09,but Eliwbn,18,"San Jose, USA"
ecn-249-zs96,vmb Eldjzr,78,"LA, USA"
vwp-961-yg04,vbf Fitztrim,21,"LA, USA"
uzv-725-cx35,mvz Banhsyq,38,"Madrid, Spain"
wao-738-tm65,hqy Ninjoer,72,"San Jose, USA"
kwg-840-cd09,sdg Defhrt,51,"Madrid, Spain"
fat-348-ml02,pcg Elltrw,41,"San Jose, USA"
xch-549-lv71,nws Mckznq,29,"San Jose, USA"
udy-260-lx62,hex Dembzu,15,"Milan, Italy"
lzb-253-mj57,xqu Elhpac,21,"Milan, Italy"
nah-014-qg38,oyd Mcnadr,20,"San Jose, USA"
usz-670-cd81,mbg Ninmpvc,31,"LA, USA"
hek-421-ur16,szk Nindmay,21,"Milan, Italy"
jhd-349-nv57,axy Fitzidca,37,"Milan, Italy"
jpb-679-st42,edn Nintcmu,56,"Madrid, Spain"
urc-315-ui90,yum Ninjqrl,31,"San Jose, USA"
bef-560-qs20,ufs Fitzmctl,42,"Paris, France"
agv-936-vx51,hvl Deprox,64,"Paris, France"
puy-618-vj28,lpe Ninltqh,15,"LA, USA"
lad-137-eh45,xgv Ninuxrn,82,"Madrid, Spain"
pjh-762-bz69,qcw Mcmkts,23,"Madrid, Spain"
fjn-365-fi75,ygc Mcdrky,28,"Milan, Italy"
bxf-805-hk14,twv Fitzsprw,69,"LA, USA"
ped-206-sz92,jvu Ninfrgj,41,"San Jose, USA"
ytr-904-he45,oce Ninzbrg,66,"Paris, France"
joq-930-hz76,khz Ashkyxr,45,"Paris, France"
gcd-450-og97,eul Deuvtq,41,"San Jose, USA"
rgw-957-co19,vot Ashmqjb,65,"Paris, France"
dgu-490-nh72,tum Ninqlxb,60,"LA, USA"
upd-456-fa35,emd Demjtd,75,"LA, USA"
gzr-026-yu30,izt Ellvno,32,"San Jose, USA"
dmi-403-fi59,igl Mcmced,61,"Milan, Italy"
nxg-024-ab67,fli Eludts,52,"Paris, France"
zye-653-or04,xwa Fitzxabq,32,"San Jose, USA"
atx-196-wj60,ycb Mcgmen,79,"LA, USA"
usf-416-ud54,fmw Dexdaq,59,"Madrid, Spain"
lsy-984-bl36,cgf Ninvwqt,71,"Paris, France"
kat-372-tc83,abw Eljrsw,44,"San Jose, USA"
kqr-687-xz83,qxu Banhstg,68,"LA, USA"
etx-731-kg03,quw Ninfmxy,38,"San Jose, USA"
ctb-423-df15,mrf Deryje,27,"Madrid, Spain"
evi-458-yo63,jio Fitzwhek,32,"LA, USA"
ang-897-vx73,jgr Ninkcjh,45,"Milan, Italy"
ilo-134-pa30,sbh Fitzxmqb,22,"Milan, Italy"
nqd-671-cf65,kgw Ninquvs,70,"San Jose, USA"
ozt-584-hl78,gei Banyurs,16,"Madrid, Spain"
glj-037-dv40,oju Elxeaj,59,"Madrid, Spain"
ctl-940-fw61,vqw Dendwa,64,"Madrid, Spain"
qjo-689-jh10,wiv Banoqzd,15,"San Jose, USA"
gje-790-xu41,kqh Ashjtnh,49,"Paris, France"
rzo-528-pi64,ocj Nincugy,79,"Paris, France"
mrh-241-pl78,ygi Ashmbof,27,"Milan, Italy"
hjr-321-fe49,ipd Ninfmqn,62,"Milan, Italy"
awg-294-vs09,ypg Bancuwe,41,"San Jose, USA"
wqt-367-vb02,mgk Ninsopm,20,"Paris, France"
ouc-436-cr27,tjw Ashrxig,17,"Milan, Italy"
iqe-427-fe13,lhi Fitzyezg,29,"LA, USA"
cqn-284-jf16,xuz Fitzlgph,81,"San Jose, USA"
hfo-506-lg72,fbm Defmxl,75,"Paris, France"
psq-130-ih56,gbm Ninrmsj,36,"San Jose, USA"
zto-265-cq78,wbi Elbztl,29,"Madrid, Spain"
ljo-579-hy21,lof Demzvr,20,"Milan, Italy"
uev-762-en82,xbu Banslrc,37,"LA, USA"
gvb-153-ep91,gtd Bansitr,16,"Paris, France"
nim-783-zu70,ldr Mclqex,64,"Madrid, Spain"
svg-256-mc96,jcq Dexsmr,66,"Milan, Italy"
ado-093-xn73,jqs Ashgzcw,80,"Milan, Italy"
ckg-685-ka74,pxz Ninzejf,86,"San Jose, USA"
xgs-973-xm60,seo Mciftc,26,"Milan, Italy"
bmc-904-jh75,ohm Ninxzdw,15,"Paris, France"
vfg-536-qe28,ifm Ashlsjz,75,"San Jose, USA"
veh-316-pz27,kpn Fitzfsbd,34,"San Jose, USA"
zub-625-oi45,wrk Banjvnw,20,"Paris, France"
lav-710-jd31,nvj Fitzuybx,30,"Madrid, Spain"
nvp-416-lh36,mci Banwckj,90,"Madrid, Spain"
wkb-601-nf18,zqt Dewsrx,39,"San Jose, USA"
ldp-057-ym69,bkj Fitzjtez,54,"LA, USA"
vtf-264-jg19,bsv Dendaw,47,"LA, USA"
yda-891-ie43,egu Ashqpin,19,"LA, USA"
mqs-198-io14,ibc Ashbcjr,80,"Milan, Italy"
nrg-923-xc76,opt Banvwoy,50,"LA, USA"
jei-653-cf19,dzy Banteks,90,"Madrid, Spain"
kqp-203-so70,pnk Mcszna,20,"LA, USA"
fjz-239-bw71,ult Fitzmzfo,41,"Paris, France"
wft-791-to01,kiz Fitzzshe,86,"Milan, Italy"
esl-093-lj70,ehp Elubsc,73,"San Jose, USA"
fab-059-oe36,pfm Elrhem,69,"LA, USA"
ypf-837-he32,kba Ashlkaz,16,"San Jose, USA"
vph-468-vq17,lug Elyqtb,73,"LA, USA"
ols-539-im47,xqe Detcan,18,"Madrid, Spain"
rba-736-ba85,dnp Ashqvzg,58,"San Jose, USA"
msi-230-jk01,qio Ashaetx,33,"Madrid, Spain"
bou-256-fe21,umk Eloqic,27,"Madrid, Spain"
yrd-917-uc05,hai Eldfno,44,"San Jose, USA"
dha-256-fc16,upw Mcbath,46,"LA, USA"
hmo-345-cx58,nbq Fitzxqpn,46,"Milan, Italy"
vik-048-fj85,afn Ashrazn,21,"Paris, France"
vnj-259-pv30,rvm Eltcdr,31,"San Jose, USA"
zsp-527-gw15,htf Elhubw,22,"Milan, Italy"
dhc-963-wg05,ojv Ninntuf,74,"LA, USA"
qvh-083-vq29,lqw Banhoyp,34,"Milan, Italy"
pxo-562-me92,osw Fitzglpz,89,"LA, USA"
kol-653-aj81,prs Ninvhnq,49,"Milan, Italy"
udg-480-pt03,zin Decbsl,50,"Milan, Italy"
dmn-531-au63,fwi Banahvx,30,"Paris, France"
ixt-106-zm57,wro Nindjgr,19,"Milan, Italy"
ndb-945-cf10,vto Mcozas,26,"San Jose, USA"
wru-329-la25,jbe Banznqa,15,"Milan, Italy"
yip-463-fq06,kwl Elyxor,61,"Paris, France"
dhr-796-kr51,clq Banfmdh,58,"Madrid, Spain"
yse-163-bx09,idh Ashkwmr,31,"Madrid, Spain"
pvf-018-ba50,vzk Eljish,37,"Madrid, Spain"
hpg-053-wl35,dtj Denzrf,76,"Milan, Italy"
erx-732-qs38,mxq Banpmhv,81,"Madrid, Spain"
fjd-075-pj28,gfr Elpvwn,61,"LA, USA"
yed-514-xk84,xmw Deuehm,27,"Milan, Italy"
gkq-152-hk58,ioq Ashlqsa,22,"Madrid, Spain"
dyo-254-rl38,tkj Mctrvz,18,"Paris, France"
ykl-763-wc53,ymt Nineawp,83,"LA, USA"
vqn-510-ch75,azp Ashgqlt,16,"Madrid, Spain"
zgu-643-dv82,abv Dedzsb,70,"LA, USA"
ebw-829-gf40,qtu Deebhw,34,"San Jose, USA"
cuh-960-sp10,hec Ashhpyo,53,"LA, USA"
epq-685-ps59,xas Ninmqrj,83,"LA, USA"
wzl-973-jt98,dev Derukx,87,"Madrid, Spain"
smq-187-yi79,fim Deekrx,38,"Madrid, Spain"
apk-624-qd65,cyl Banscyt,87,"San Jose, USA"
wha-834-fb57,hme Fitzfmld,42,"Madrid, Spain"
fjq-946-fn03,zvn Ninekzn,20,"Madrid, Spain"
dxt-795-gk37,xwq Ninfepg,38,"Paris, France"
pta-051-wg61,yuz Ninrsod,48,"LA, USA"
smb-178-cd93,onq Mcemar,57,"LA, USA"
abh-350-yw94,orb Mckepg,46,"Madrid, Spain"
cbq-608-tf05,mxo Mcopmb,48,"Madrid, Spain"
rdl-096-pr41,gno Ninkfsc,45,"LA, USA"
cli-159-rx63,cjr Ashqjlz,61,"Madrid, Spain"
doj-892-as37,cxm Elkjhf,62,"Paris, France"
ypa-143-pd27,dxh Ninmcki,90,"Milan, Italy"
scd-085-eg14,mgs Ashhtoz,49,"San Jose, USA"
gel-529-vg62,vrq Banrvlj,35,"LA, USA"
tab-372-by90,unm Ashquhc,49,"LA, USA"
uev-809-mv71,fow Banxmzs,52,"Milan, Italy"
afx-490-iu27,fev Banzwxn,26,"Paris, France"
awz-613-in40,zlq Banchdr,54,"Milan, Italy"
tpc-109-ay15,czd Mcabfc,60,"San Jose, USA"
bgp-819-ma47,oav Bantidl,15,"LA, USA"
yac-682-fu25,ksb Fitzzuts,52,"San Jose, USA"
xyi-237-mz51,zmt Banraxd,50,"Paris, France"
grs-607-yg06,unt Fitzrogs,24,"Paris, France"
vpd-034-sl42,tns Banynxv,52,"Milan, Italy"
pse-648-qh54,esj Mcamsv,27,"Madrid, Spain"
oap-289-yk82,hdt Elqcdw,70,"Paris, France"
fmw-530-oc52,wxr Ninebim,72,"Madrid, Spain"
uyl-234-zo72,gpb Banriey,19,"San Jose, USA"
bun-130-hs87,tdl Mcgsvh,78,"San Jose, USA"
blj-405-sc25,mao Ninchtr,54,"LA, USA"
usl-516-fa94,blp Mcazqx,25,"Madrid, Spain"
klm-138-cb51,rsq Banrwkz,77,"Milan, Italy"
edw-473-jd47,fqj Fitzjqew,22,"Milan, Italy"
ztv-609-mp74,mkb Ashoizk,89,"Milan, Italy"
hek-895-of63,vex Banzbug,44,"Paris, France"
ylq-421-cf57,dtn Ashmxwz,66,"San Jose, USA"
vjk-081-zr08,cqb Mcqsel,74,"Madrid, Spain"
cut-753-cm82,zcj Ashkbgx,84,"Madrid, Spain"
veg-879-sd94,qhg Ashywdm,89,"LA, USA"
rbt-319-me87,gao Fitzjure,69,"Madrid, Spain"
inb-385-ui82,hom Defybu,80,"LA, USA"
rmb-704-ai24,lgz Fitzzsjx,33,"LA, USA"
bct-319-pl48,whi Ashxluz,43,"Paris, France"
gjx-875-kw59,zdq Ashnpwu,22,"San Jose, USA"
fbx-684-ag38,rcs Fitziynr,66,"San Jose, USA"
vcb-740-js10,pmh Mceypm,29,"Paris, France"
mrs-230-db82,vyt Ninkvap,29,"Milan, Italy"
odz-360-eu78,zhl Mcisbo,56,"Milan, Italy"
bln-743-yo67,aye Deezgq,61,"Paris, France"
cmp-538-oi45,srw Elshjf,51,"San Jose, USA"
dml-632-vl42,zbq Mckzty,47,"Milan, Italy"
owz-379-sj39,xyl Bannyoh,54,"Milan, Italy"
hdi-928-hc21,zqc Fitzqrmc,84,"San Jose, USA"
ecg-541-uk48,dxy Fitzafwy,42,"Madrid, Spain"
ycs-985-uc19,asc Fitzwabg,70,"Madrid, Spain"
pkm-375-uf23,dua Delwmz,36,"Paris, France"
qxk-160-yq60,oba Eltwrj,23,"Paris, France"
ptb-587-vk68,mqp Fitzjdiw,34,"LA, USA"
hpt-728-jn63,epo Deitzv,70,"LA, USA"
pcq-387-id09,smu Mcehyk,54,"Milan, Italy"
mbv-078-ld10,inq Fitzxmwn,37,"San Jose, USA"
csj-230-kz57,bys Fitzwhxj,36,"LA, USA"
xsp-706-ld95,tkl Ashfsyb,29,"Milan, Italy"
rwl-642-vg21,nfx Debcds,26,"Milan, Italy"
jfm-257-cf72,why Ashkreq,78,"Paris, France"
ceg-436-nb75,fei Banjwxg,33,"Madrid, Spain"
oft-976-ve69,kpg Banzsfw,22,"San Jose, USA"
rhw-129-lk29,cey Fitzvjte,30,"Paris, France"
nwo-398-fg30,fqn Ninercy,71,"Paris, France"
fgi-312-gx56,tmi Ninzeqt,79,"Madrid, Spain"
uwr-496-xk47,boi Fitztmsa,86,"Paris, France"
fkh-716-aq31,tql Fitzlnwj,48,"Paris, France"
srk-130-dn32,efr Mccfzy,20,"LA, USA"
ben-190-pl74,ksl Ashbmsn,59,"Madrid, Spain"
qok-189-kt63,cki Bankdcx,45,"San Jose, USA"
iaw-382-bt47,naq Fitzzfny,67,"Paris, France"
kxu-714-qn91,gro Ashbuen,51,"LA, USA"
jqr-469-ez17,syr Ninugcm,28,"Paris, France"
xbw-574-vx92,bcn Ninboaf,27,"Milan, Italy"
iho-843-yw78,ecg Bandolc,72,"Paris, France"
gjk-710-mj62,yks Ninicdf,64,"LA, USA"
yba-352-ks89,zrp Elstwb,34,"San Jose, USA"
egq-509-xu91,ifo Fitzsuxj,62,"Madrid, Spain"
sfg-135-tl10,wqb Mcklpc,80,"LA, USA"
dao-092-kx86,iey Mcihde,49,"Milan, Italy"
yjl-735-iy07,ejh Derbed,46,"San Jose, USA"
tnb-527-nm07,amd Banbrpc,49,"LA, USA"
ems-139-ma67,tck Baneazf,73,"LA, USA"
izo-376-vu84,svq Dezacp,56,"Paris, France"
ven-421-np86,fbx Elkgtj,64,"Madrid, Spain"
pmj-036-xh95,fgu Devika,19,"Paris, France"
drq-526-gf76,jxr Elcpsm,60,"Milan, Italy"
ubc-753-sn85,nwi Ashpgbu,89,"San Jose, USA"
mdz-543-uf43,qzk Elzdjq,79,"Paris, France"
dly-147-tg80,wcu Ninmepr,67,"Milan, Italy"
qyo-328-wh79,gfj Mctxkh,24,"San Jose, USA"
kyc-690-ld09,uzf Mclrqs,20,"San Jose, USA"
qnd-543-un70,gnl Deikwt,75,"LA, USA"
opt-569-am38,enf Degxmr,66,"Milan, Italy"
atd-789-za73,xqj Mcmnwy,88,"Paris, France"
sfy-394-mg16,oxw Ashftvn,62,"Paris, France"
kvf-381-jo82,obj Mcwnxk,80,"Paris, France"
tfq-293-vs01,lfg Ashiuem,65,"LA, USA"
ncz-316-kg48,nkh Deywbk,62,"LA, USA"
tzg-542-kt74,qwa Elhevw,22,"Paris, France"
fub-135-yv08,ned Banmxrs,84,"Madrid, Spain"
tmu-581-wk35,ins Banpyqs,16,"Madrid, Spain"
eko-837-ca90,gcy Fitzbpyg,72,"Paris, France"
lfa-185-ml70,txl Banqima,17,"Paris, France"
pfj-625-bs50,nao Banuxoy,28,"San Jose, USA"
gcw-135-eh51,eyp Elovid,37,"Milan, Italy"
wto-025-eb74,tmi Bannyjd,41,"LA, USA"
ybu-504-mp90,vxo Banoend,21,"San Jose, USA"
fzp-840-ti73,tml Fitzhryl,28,"Milan, Italy"
acx-861-ns76,rau Banhpgk,82,"Paris, France"
gkn-124-ca25,sig Mcsteo,39,"San Jose, USA"
mxs-024-bk78,jwl Mckrad,21,"San Jose, USA"
rph-037-hm43,vnk Banortv,22,"Milan, Italy"
bwi-174-jr60,qtk Elfcvb,70,"Madrid, Spain"
xck-469-eq76,jhi Baniywf,42,"Paris, France"
lzx-539-dx93,yin Mcecuy,72,"Paris, France"
dcp-315-qa92,xaq Baniswn,67,"LA, USA"
nog-273-wk17,jfa Ninopgt,84,"Madrid, Spain"
euj-456-na78,kiw Banrqon,47,"San Jose, USA"
rpn-861-br41,zsu Dehnpe,73,"Paris, France"
vab-802-bm14,oya Dewhqo,68,"LA, USA"
alc-809-pg04,ghp Banlwey,71,"Milan, Italy"
jhm-378-sz14,rdu Fitzpqyv,64,"Madrid, Spain"
neb-562-ih35,etk Fitzidkp,53,"Milan, Italy"
tla-201-vq85,dxb Banhwgb,58,"San Jose, USA"
xsq-576-kj96,pxs Ashebiz,83,"San Jose, USA"
rzc-598-zk93,txo Eljbpw,86,"San Jose, USA"
hcd-427-xt09,ijc Eldzsk,74,"LA, USA"
axi-534-jh79,qyh Mcevwm,49,"San Jose, USA"
exn-638-cl40,ovs Denmps,66,"San Jose, USA"
wla-349-iz65,zwv Deomcb,75,"LA, USA"
toy-908-zs30,zut Banapor,57,"Paris, France"
okm-643-wh05,mjv Fitzegqu,77,"Paris, France"
bms-268-ly92,gbi Bannrki,47,"San Jose, USA"
rlk-329-tj01,osy Ninhrui,74,"Paris, France"
igw-513-ym42,pza Fitzuvby,34,"San Jose, USA"
tuk-289-za36,nkw Ninuxbp,17,"Madrid, Spain"
ras-967-ru37,yqr Mcpuwa,90,"Paris, France"
tyb-256-uw50,fdy Mcxupr,73,"LA, USA"
vkg-315-vs96,gnr Dehgcm,37,"Milan, Italy"
tzl-457-fc89,mpx Banfibo,25,"San Jose, USA"
ktu-210-dh30,fck Desjla,53,"Madrid, Spain"
oph-317-mi78,ksl Ninbulg,64,"San Jose, USA"
kzx-780-sq62,mld Elsqyv,63,"LA, USA"
nfh-457-tv95,cvy Ninjpox,72,"Milan, Italy"
ogp-147-jp92,ebx Fitzcvin,56,"Milan, Italy"
sln-294-ck34,lsu Ashrxcz,38,"LA, USA"
sta-029-lv39,wsk Banudkr,34,"San Jose, USA"
qcx-249-cm72,aqe Mcugqx,63,"Milan, Italy"
mwl-361-tz79,lnb Desgmy,43,"Madrid, Spain"
ybt-867-sh68,zdf Mcweif,79,"Milan, Italy"
dkj-210-kr59,fhv Mcdiqv,80,"Madrid, Spain"
bxl-701-iz75,vte Bantfpd,68,"Paris, France"
jzd-613-bg97,zyx Banmqbe,37,"Madrid, Spain"
ogb-582-bd68,lvr Banrpgf,51,"Milan, Italy"
xyb-950-vo72,xnj Mccmbd,60,"Madrid, Spain"
ocz-139-sh41,qwe Banyvlc,16,"Milan, Italy"
qbn-584-tz80,lrx Ashtqpf,27,"Paris, France"
bmy-371-nx71,kqw Fitzznqg,61,"Paris, France"
zeg-981-kx06,pev Elpfvc,53,"San Jose, USA"
gcd-789-gt52,jcs Ashxkzb,57,"Paris, France"
noz-029-gq43,ymu Elqxwm,25,"Madrid, Spain"
bok-046-hm51,wqk Ashfxgk,36,"San Jose, USA"
wma-547-tq93,gwz Ninimuk,30,"Milan, Italy"
yap-734-sr27,cmz Mcprst,35,"LA, USA"
qno-407-zn72,xgu Ashdvan,82,"Madrid, Spain"
kap-769-ma06,ebg Bandpjq,29,"San Jose, USA"
bsd-497-li32,cdt Ninqhtj,51,"Madrid, Spain"
sdl-567-bl70,gjp Ninysrg,65,"Paris, France"
kdv-159-np65,qdw Fitzmlho,76,"LA, USA"
qfd-796-nc60,jmc Fitzbckw,33,"LA, USA"
oln-978-lb74,lbj Ninbqhe,55,"Paris, France"
gci-947-fl12,ucm Deumfx,36,"LA, USA"
nec-951-dz46,gtn Ashazkh,57,"San Jose, USA"
syo-926-qs87,vqr Mcvjeh,33,"Madrid, Spain"
yfp-583-gl95,rqc Ninvkua,73,"Milan, Italy"
ulh-803-ob70,amh Banohiu,35,"Madrid, Spain"
cpi-806-gf56,ats Ashtlhk,27,"Milan, Italy"
cyz-846-ym07,dyh Ninamqu,87,"San Jose, USA"
bmj-350-tg28,qsl Ashkzsd,26,"LA, USA"
jdr-607-vk01,duh Elznea,42,"LA, USA"
lfz-476-up79,zoj Elrzhl,61,"San Jose, USA"
pvi-958-if65,oiv Fitzquwo,71,"Paris, France"
qus-194-lm79,jwa Eljnym,19,"San Jose, USA"
pyc-143-ct06,mao Fitzdycl,16,"Paris, France"
rso-891-hn47,gcd Fitzjnte,51,"LA, USA"
jvy-590-an61,zaw Fitzmphg,54,"San Jose, USA"
tgr-352-ri08,khx Fitzlxim,28,"Paris, France"
htg-091-mb15,pma Fitzcvat,37,"Paris, France"
ycp-079-fr86,ixl Mczaxp,64,"Milan, Italy"
apr-846-hx53,jkx Banjnfh,70,"Paris, France"
rqb-402-ia21,nsv Demuiz,49,"Paris, France"
jia-670-hv02,ktj Mcdmwo,36,"Paris, France"
qtx-069-sw06,mrh Elzdvs,53,"San Jose, USA"
xad-243-md58,pim Fitzxzil,85,"LA, USA"
lfv-154-vf34,uin Mccrjx,51,"LA, USA"
fxc-420-yh14,btm Mchgev,51,"San Jose, USA"
fjd-569-sw31,iue Fitzejvb,44,"Milan, Italy"
uaz-149-bk94,nmk Mchdxe,18,"LA, USA"
hgo-140-nr71,boe Ashoswe,30,"LA, USA"
osa-536-tm62,axv Ashfrge,28,"Paris, France"
shx-562-sp89,zmh Fitzobgx,67,"Milan, Italy"
fvd-872-uy15,kjs Fitzhxav,86,"Madrid, Spain"
zma-507-dr34,bxk Ningjnb,66,"Madrid, Spain"
aet-673-ui98,mhy Ashilcs,86,"Paris, France"
cqa-498-vt05,rqf Ninetpr,19,"Madrid, Spain"
okh-276-lc96,tnp Fitzsuha,57,"Paris, France"
zdv-840-rf82,ysl Dezbmo,69,"Madrid, Spain"
tpg-971-zs34,itl Mcjdcr,24,"Madrid, Spain"
wnv-563-lz18,gwq Banuwkt,51,"Madrid, Spain"
zbx-943-wp75,tlp Mctjui,33,"Paris, France"
rse-137-ar93,sfm Mctifk,36,"San Jose, USA"
lzk-718-wz98,sld Fitzcoxy,64,"Milan, Italy"
rny-538-pw78,ogi Mcoaht,29,"Madrid, Spain"
wsx-790-ip76,nwo Ashgokh,63,"Madrid, Spain"
tkv-324-hj42,wfl Eltyxu,79,"Milan, Italy"
kfi-315-mt41,fui Banpkzf,69,"Milan, Italy"
wzb-396-ae30,moc Mcqfws,47,"San Jose, USA"
nwz-537-en52,tyn Mcaydf,79,"Paris, France"
ybe-791-rc28,hmo Banqizk,30,"LA, USA"
wnj-045-eb10,xmr Fitzrenu,31,"Milan, Italy"
idv-931-qu86,ghv Banlmvt,25,"Madrid, Spain"
dre-074-se48,wcf Ninlcwa,20,"Milan, Italy"
rwk-057-gh74,eow Defqpc,54,"Madrid, Spain"
els-234-zo81,rqn Mcivrq,84,"San Jose, USA"
bml-284-br53,nhb Mcxarn,21,"San Jose, USA"
icw-372-xq26,vnk Nintahp,16,"Madrid, Spain"
xhf-406-jx97,tkj Ashqxpf,56,"San Jose, USA"
hkf-754-ub76,mxo Fitzuqph,54,"Milan, Italy"
dem-596-td08,vtw Ashdizy,75,"LA, USA"
kna-875-br03,haf Ningvfb,75,"Madrid, Spain"
ils-138-sa80,nio Mcbfgr,83,"LA, USA"
lab-520-sc14,cua Deydhi,73,"Milan, Italy"
kdl-567-ka50,ojm Fitzsadr,38,"Madrid, Spain"
jds-832-dv75,ige Fitzaexw,22,"LA, USA"
stq-463-cy40,aic Elnxtj,80,"Paris, France"
gqn-541-en16,ubf Mcqxhj,21,"LA, USA"
fjw-423-vw67,ajy Eljsqm,30,"Paris, France"
lvy-416-pd34,mwx Eltygm,80,"San Jose, USA"
pvd-975-pb72,jmd Mcidzw,21,"San Jose, USA"
dwb-506-wl98,kpn Fitzuoqe,15,"Milan, Italy"
bga-268-dg35,qbp Bangomk,73,"Paris, France"
kng-106-bm52,vlp Ninrlgc,18,"Paris, France"
rdf-984-kq67,xcv Bancfjz,90,"LA, USA"
ywg-456-sc62,wyb Elrlsc,58,"LA, USA"
pcy-209-ji81,xtd Ashhndj,36,"Milan, Italy"
xmi-821-nk82,zwa Ninzgpe,46,"San Jose, USA"
rcp-536-uk75,hnf Mcpxdc,46,"Milan, Italy"
lan-952-it21,lzx Delgyx,64,"LA, USA"
hel-410-cs26,irf Ninsgdt,34,"Milan, Italy"
ups-703-mj28,bgx Elyzjq,74,"Paris, France"
phq-702-jq09,sfj Ninqoys,41,"Milan, Italy"
wbf-320-av39,bmi Ningkyt,43,"Madrid, Spain"
rwj-467-ch62,yxl Ashufhw,80,"Paris, France"
ryg-716-hn02,gev Fitzgqpy,62,"Milan, Italy"
hyd-346-rw49,hac Fitziofg,64,"Paris, France"
hkn-986-di84,fph Ashfujt,78,"Madrid, Spain"
lyb-584-ps91,xup Ashlymt,86,"San Jose, USA"
hvd-039-yn09,lyk Ninaszk,32,"Milan, Italy"
twb-790-rz20,ias Elwuny,71,"San Jose, USA"
xlv-327-vy82,fwz Mcdrqn,46,"Milan, Italy"
xvg-568-se18,cyr Ashnblu,30,"LA, USA"
pul-693-kh93,njw Ninlrso,53,"Paris, France"
dyt-637-gs56,rel Banqovf,76,"Milan, Italy"
gmj-345-jg31,ulc Ashqgna,79,"Milan, Italy"
txq-450-dc70,gso Mcbhsa,16,"Milan, Italy"
jhb-512-sg39,lgr Mcrbnw,31,"Paris, France"
rzp-974-ig73,yld Eliouw,42,"San Jose, USA"
ksi-245-hp94,waz Fitzdzqs,65,"Paris, France"
yfv-431-se53,eua Dergwt,62,"Paris, France"
okr-364-ue08,dmi Elmqib,46,"San Jose, USA"
xzt-728-io25,tdp Mcjbrz,60,"Milan, Italy"
vbe-058-jv92,hpa Fitzvibm,19,"Paris, France"
xjt-908-fy47,vtk Banxjbk,58,"LA, USA"
skj-489-bt94,hzx Banawqc,40,"Madrid, Spain"
ura-429-ji43,pne Ninubmw,84,"San Jose, USA"
rhp-567-im32,twb Degjcl,62,"Milan, Italy"
lqa-267-lg27,azt Bannjqw,52,"LA, USA"
fnp-126-ig54,qvg Eldnsy,80,"San Jose, USA"
xqw-675-hk35,lwc Mcxvai,50,"Madrid, Spain"
ayj-087-zm63,bth Bankhyv,86,"LA, USA"
uja-578-nd27,who Ninunrg,16,"Paris, France"
beu-425-wq09,owd Ninzkgs,65,"Madrid, Spain"
osv-012-rb27,jxb Mcsmjo,55,"Milan, Italy"
bqk-893-hz24,xzd Bantyfv,62,"Madrid, Spain"
xja-234-kc38,oph Banfzuw,62,"San Jose, USA"
wtz-279-wf08,agb Dezdau,63,"Milan, Italy"
tlz-178-xa40,bmp Mcqtuv,48,"Milan, Italy"
eis-879-zk37,esi Demawk,63,"Madrid, Spain"
pzi-671-lo02,hjz Ashonra,22,"San Jose, USA"
pwg-597-be80,ecp Dejiht,75,"Paris, France"
now-428-xi18,qmh Ashcwqr,34,"Madrid, Spain"
tjo-264-dm04,uts Ninbozx,84,"LA, USA"
dhf-692-qm61,xug Banonxr,88,"LA, USA"
wef-753-qe59,xdo Mcygjo,73,"Paris, France"
abx-372-ni91,akr Ninnqum,83,"Milan, Italy"
hqa-308-pw72,mny Fitzhpdz,17,"San Jose, USA"
aqs-368-si71,tas Fitzglec,23,"San Jose, USA"
obr-653-aq18,okn Fitzfvka,63,"LA, USA"
pqw-347-cq49,mnl Ashvkto,27,"Paris, France"
tvh-956-uf48,qga Bansflm,66,"San Jose, USA"
yfx-654-yz91,ntb Ashlwsb,16,"Madrid, Spain"
hyw-793-kh47,egx Debwci,19,"Madrid, Spain"
dsy-579-xe20,wrd Ninmedv,40,"Milan, Italy"
lun-421-ui72,hqo Ninydcv,78,"San Jose, USA"
exc-562-kg71,okg Bankhqw,74,"Madrid, Spain"
syo-587-el95,kav Ninxspu,56,"Madrid, Spain"
mvs-097-dq47,tlj Ninboak,84,"San Jose, USA"
dju-692-kz57,xfv Ninvgmx,30,"Paris, France"
toc-716-lr95,daf Dembru,64,"Milan, Italy"
ynw-642-xi67,bjp Bancmhv,53,"Milan, Italy"
ngr-382-gx61,vwm Ninykij,43,"Milan, Italy"
pml-834-ym40,msl Ashsjwr,76,"San Jose, USA"
foe-016-uj71,udv Ashaeiq,47,"LA, USA"
uig-472-kx34,qzv Banndzo,48,"Paris, France"
veo-126-pc53,waq Ashklro,90,"Milan, Italy"
wru-406-zx58,lse Fitzbtyp,34,"Milan, Italy"
pal-207-di63,lej Fitzrxfu,74,"Madrid, Spain"
xtf-032-iv91,xml Elomls,51,"Paris, France"
cbm-783-hc54,ebw Dekmzv,20,"Paris, France"
gez-745-xw34,zmy Ninyerl,19,"Madrid, Spain"
ruy-247-pv59,xhr Mcjcoz,45,"Milan, Italy"
gpl-821-ki01,wzy Banioel,89,"Milan, Italy"
tie-985-sp87,xjt Ashswbl,53,"Milan, Italy"
fjp-684-fj01,bgz Fitzzsdv,48,"LA, USA"
ifd-715-mz72,tar Elvfxd,62,"Paris, France"
wgv-098-ya97,cjn Defbcm,62,"Madrid, Spain"
pch-132-jg95,kdt Elsacl,23,"Paris, France"
vrl-605-cd78,gqf Mcvhkl,61,"LA, USA"
nyk-134-tp76,uvx Asheitl,61,"Madrid, Spain"
pgv-760-hw34,hfj Ashzejt,90,"Milan, Italy"
snp-724-va48,fhn Defchq,25,"Madrid, Spain"
cdo-493-vg63,odb Fitztpvf,41,"LA, USA"
tud-587-sw08,gzm Ashgluh,51,"Paris, France"
mih-324-hw76,fso Banuajk,46,"Milan, Italy"
hjf-810-rn63,gzt Banuhpe,23,"Madrid, Spain"
jxr-492-rc79,moz Deqdia,53,"Paris, France"
iqh-306-nm94,yzq Elpify,58,"Paris, France"
pgc-253-jb84,frl Ninpsue,72,"LA, USA"
ymc-789-qc12,dnj Mcnjwk,52,"San Jose, USA"
yfd-918-ms29,czm Elkheo,37,"LA, USA"
cto-851-ki04,bpn Mcxevc,21,"Madrid, Spain"
yrp-194-hf68,sfb Ashsywu,78,"San Jose, USA"
kvz-039-li81,zjm Mcador,28,"Paris, France"
sed-457-pt36,nsg Dejgay,77,"Milan, Italy"
rpg-610-bg52,kxm Banvimj,40,"San Jose, USA"
ozg-021-ia08,ovc Ashhmuc,41,"Paris, France"
hsn-094-lu50,ftv Elosdy,74,"San Jose, USA"
cev-394-wx16,xpm Fitzvcjq,49,"LA, USA"
cpq-763-oa90,gvo Deqoye,74,"San Jose, USA"
xdz-950-aj05,zad Mclhte,29,"San Jose, USA"
xbh-489-oq83,rwl Deaudg,64,"Paris, France"
uav-071-ld16,wco Banyjto,73,"LA, USA"
nyo-185-jk21,wea Ashvwyc,26,"Milan, Italy"
zou-321-by75,sbu Ashebhn,39,"San Jose, USA"
pjg-301-rd46,bjd Ashvexg,28,"Madrid, Spain"
jzc-946-pz72,ufs Degnet,28,"LA, USA"
tnk-795-ik78,tlr Ninbwrx,41,"Milan, Italy"
mvd-725-ks83,nte Defixa,21,"LA, USA"
sgj-150-un17,bke Elaqjp,74,"Paris, France"
dwo-431-uk43,sno Fitzmazo,75,"Paris, France"
dhv-198-ox83,ywk Deaupn,33,"San Jose, USA"
rwz-478-jm94,fdt Mchdzi,21,"LA, USA"
yhk-653-sp74,acd Ninagfl,18,"Milan, Italy"
fnu-157-yr58,pgd Defqyt,20,"LA, USA"
tcs-376-ao89,nij Fitzxhze,88,"Milan, Italy"
ulz-987-uf97,vom Detumn,89,"Milan, Italy"
jpn-280-nw08,cpb Mcbqxd,29,"San Jose, USA"
qfr-172-fj81,bfi Fitzshgj,19,"San Jose, USA"
wqi-650-di47,lfi Ashwney,89,"Milan, Italy"
uzx-194-ea08,bsq Ashvxge,80,"Milan, Italy"
xld-174-zy72,nvu Bancrln,90,"LA, USA"
gtp-627-qp76,prc Ashzhcv,71,"Paris, France"
lno-539-pl91,dqg Mcujlk,40,"Madrid, Spain"
lzj-971-io97,kzn Ashbkwx,42,"Paris, France"
nrh-193-cl48,wcl Deoxlh,69,"Paris, France"
ybi-729-ro40,gdx Ashtjsh,37,"San Jose, USA"
pzt-823-ep67,ynt Ningzvk,57,"San Jose, USA"
von-342-os57,jmh Mcaiet,23,"Milan, Italy"
vaq-184-zc24,osu Ningjtx,68,"Milan, Italy"
aqn-724-qf76,abc Fitzinlf,85,"Milan, Italy"
fni-546-tb28,ulz Banzklx,63,"LA, USA"
qku-694-pz03,pkq Banglxf,60,"LA, USA"
uex-457-yc94,nrk Eltxzk,82,"Milan, Italy"
wln-157-lo92,vgu Fitzskyd,69,"San Jose, USA"
oml-695-hl35,ave Ashosni,70,"Milan, Italy"
pzq-957-ki15,hwj Fitzrupj,17,"Madrid, Spain"
lpw-542-by36,ztv Ninwoqy,59,"San Jose, USA"
yza-910-sj97,ihb Elgeyv,55,"LA, USA"
uls-876-ar46,qic Fitzpfua,87,"Madrid, Spain"
wby-516-wz95,qma Fitzioja,78,"LA, USA"
yat-926-cw17,rgn Dejlwx,80,"San Jose, USA"
dfp-876-tu53,njk Banuzdt,19,"LA, USA"
rot-139-ew78,xvm Ninlyms,52,"Madrid, Spain"
dgp-620-mn05,dlj Mcniys,15,"LA, USA"
ugy-569-bw54,lvx Bankued,38,"San Jose, USA"
efk-805-mj54,biv Dedkho,64,"Madrid, Spain"
eti-285-fl70,bzj Ashvnwx,19,"LA, USA"
mcd-458-vr70,xdz Dervqj,17,"Madrid, Spain"
qzp-073-ze04,xav Depqxt,61,"San Jose, USA"
tpc-965-md65,rbj Banyqmp,88,"San Jose, USA"
ist-290-zp32,giu Elnwsm,19,"San Jose, USA"
dir-025-id68,jwz Deeajb,57,"Madrid, Spain"
zet-612-za71,fcn Banfeap,22,"Milan, Italy"
fop-421-dj98,ipe Fitzkywv,45,"San Jose, USA"
gti-123-nr70,czt Dejzkg,23,"San Jose, USA"
kan-086-cx57,uwp Ashnhgw,72,"Paris, France"
wbq-506-fj14,gxv Eldhqk,49,"San Jose, USA"
nql-928-gm51,kom Deupiz,36,"Madrid, Spain"
hea-743-lr45,bxg Deyxgk,66,"Madrid, Spain"
wlo-420-in41,raw Elmbuj,28,"Paris, France"
fgt-249-cp84,sdh Eljdhn,19,"LA, USA"
jgd-756-br98,uke Ninyosb,18,"San Jose, USA"
ygd-691-qa13,ecj Deksxj,79,"Madrid, Spain"
swo-906-mp10,ubs Elthrc,42,"Milan, Italy"
trw-825-rj10,zbc Ashshjw,84,"San Jose, USA"
tls-637-oc24,sap Deixvr,83,"Madrid, Spain"
jgu-485-rb25,zyv Banzlue,65,"Madrid, Spain"
ywn-164-kd56,mer Mcfaot,43,"Paris, France"
xpa-263-oa80,fmq Ashifoj,89,"San Jose, USA"
xsu-514-pl02,snh Banelfy,48,"San Jose, USA"
ihn-985-ew63,vny Mcimxe,49,"Paris, France"
buh-817-qc56,irw Fitzamsb,73,"San Jose, USA"
omh-938-bc15,pyi Fitzqnga,39,"LA, USA"
xke-084-tr13,odi Ashdfvk,58,"Milan, Italy"
bin-584-us03,uce Mczcdh,30,"San Jose, USA"
kqs-328-jr24,unv Banucpy,87,"Milan, Italy"
lzx-029-sm62,skw Ninngsp,52,"LA, USA"
qha-569-uo17,jzt Banhcue,42,"Madrid, Spain"
fdq-572-hl65,aso Ninxvuo,60,"Madrid, Spain"
tgq-760-ia21,hkr Mczwkr,50,"Madrid, Spain"
yrg-523-cx07,ktg Ninkdxp,76,"Paris, France"
bti-296-kv14,vhp Ninrwgc,75,"Paris, France"
san-438-mv62,cez Ninovrn,15,"San Jose, USA"
tfu-653-zu02,odp Nincioq,46,"San Jose, USA"
qxh-391-gh30,hrw Fitzvmpa,20,"Madrid, Spain"
xzf-078-it81,mpz Ashoqjd,37,"LA, USA"
irw-450-ov74,uwm Ashadyt,32,"Madrid, Spain"
loh-674-xk54,lfn Bancnbk,85,"LA, USA"
zsd-310-nt81,pmg Mcgvyb,32,"LA, USA"
znj-237-ad65,gml Fitzkizx,25,"San Jose, USA"
feh-038-ij64,mqs Ashdeva,39,"San Jose, USA"
mqc-125-ta90,khp Mcynio,50,"Paris, France"
vna-209-qw28,uvo Banvbiq,82,"Madrid, Spain"
woc-813-gb18,wcl Elxltc,39,"Paris, France"
jtm-187-ju59,kuw Bandvgl,50,"San Jose, USA"
rqz-639-qv65,kfb Ashqdga,26,"Paris, France"
sfa-095-bd86,mcn Ninhyea,75,"Madrid, Spain"
chw-368-uv64,wkt Dergqc,30,"Madrid, Spain"
rzy-056-ro60,bgc Ashmdcf,77,"San Jose, USA"
dqa-401-bk27,wih Mclfhd,50,"Madrid, Spain"
inc-745-gs35,bjq Banouln,68,"LA, USA"
dfs-982-as83,guf Deehpr,89,"Paris, France"
toe-427-sg01,yvn Debxyv,54,"LA, USA"
xhg-748-gh15,yzv Fitzqpgv,31,"Milan, Italy"
yze-365-wa69,nrs Mcqifl,23,"Paris, France"
bgv-104-gu06,nfd Elqrzv,58,"Madrid, Spain"
tab-893-ao86,pyc Mcvgql,64,"Milan, Italy"
iak-279-ux41,vbe Devipw,67,"LA, USA"
tor-802-pi31,ibg Mchbol,53,"Madrid, Spain"
shv-935-qa58,xpc Ashtque,63,"Paris, France"
avb-745-uz72,gdc Fitzoxab,35,"Milan, Italy"
znh-406-ho64,tua Dedtjy,15,"Paris, France"
cji-917-jz91,qlp Decdsm,27,"San Jose, USA"
slm-318-hw52,qgm Delhaw,90,"San Jose, USA"
xnm-094-kl21,jzk Ninxvte,25,"Paris, France"
lqe-285-ij82,zeh Ashxqfu,79,"LA, USA"
zsv-016-mt01,lty Fitzciwn,34,"Madrid, Spain"
bop-802-xw47,foy Ashcgzm,42,"Madrid, Spain"
ihd-083-by79,yfi Mcqose,57,"Paris, France"
lmt-865-kj54,ald Deufjg,75,"San Jose, USA"
cts-964-kv46,cik Ashpbfk,18,"Paris, France"
aih-890-mq74,plm Deaeob,55,"LA, USA"
bfy-381-lq96,abj Eloxal,82,"Milan, Italy"
unh-586-kb84,qoh Eleaor,71,"San Jose, USA"
aqi-094-ay86,lwe Nintome,28,"Paris, France"
qgx-840-oa62,kro Mcmnof,40,"Paris, France"
wkq-092-jm65,qdo Baneklc,47,"LA, USA"
gla-917-ez87,imu Mcgksi,26,"San Jose, USA"
vol-164-at01,egj Ningpdv,56,"Paris, France"
fkp-826-ud50,fno Ashlcjq,89,"Milan, Italy"
xte-721-fl69,jtn Decnpx,38,"San Jose, USA"
mip-482-uz87,xdn Banqjwy,41,"Milan, Italy"
kxj-861-qh84,qys Fitzxkzq,77,"San Jose, USA"
apf-796-fj26,oex Elafjx,66,"Paris, France"
daz-037-de70,haw Elukod,45,"Milan, Italy"
qbo-924-md04,ywe Banmfyo,63,"Milan, Italy"
fhx-427-ia51,zmv Elykmz,34,"LA, USA"
myo-345-bo17,qim Deazvn,88,"Milan, Italy"
jdt-801-ja53,nri Banwosf,43,"Milan, Italy"
wbg-107-ki60,xce Mczpvw,55,"Madrid, Spain"
tyo-256-jb71,fgq Elhgwl,83,"Milan, Italy"
gyt-064-lo45,jbg Fitzhmdy,64,"Madrid, Spain"
ijp-352-hy19,drg Ninvwpq,75,"Milan, Italy"
qsy-712-ls65,aic Ashocyz,34,"Paris, France"
nyd-159-mz56,epl Elwikb,50,"LA, USA"
qbl-436-we30,wtz Mcvetd,68,"Madrid, Spain"
ogn-789-eq63,kfg Deqfba,51,"San Jose, USA"
pwb-640-jf78,tzg Banxuzw,35,"Milan, Italy"
gao-930-mc39,rfp Dexnsq,88,"Milan, Italy"
vhc-210-sl96,iao Elqpzr,66,"LA, USA"
xml-927-fl79,vro Ninmvrp,54,"Madrid, Spain"
dtn-716-rb37,axn Ashihmr,22,"Milan, Italy"
dlg-867-us42,cqv Ashjoth,46,"LA, USA"
pxs-358-tk06,vry Ashgapd,29,"Milan, Italy"
pbc-913-ut78,pch Mcfsbh,30,"Madrid, Spain"
xhp-970-kp76,cwh Ninldjk,52,"Paris, France"
jck-023-pq58,osj Mcgwyc,42,"Milan, Italy"
lyp-971-vm85,bmd Banvhyw,34,"Paris, France"
qip-231-tl38,tmu Deojbg,33,"Paris, France"
svx-590-jt04,mht Ashyjdc,67,"LA, USA"
mkv-824-qo31,sjr Ninfdyk,37,"Madrid, Spain"
ued-957-ge97,npg Fitzdbux,88,"Madrid, Spain"
cqa-642-pw30,ekw Mclhrc,29,"LA, USA"
yuf-534-xc48,cys Debmsu,34,"San Jose, USA"
ibp-756-wi21,uwi Mcarny,48,"Milan, Italy"
bra-805-qx69,wvd Ninmkan,46,"San Jose, USA"
xsy-236-qr62,cga Ninpfzu,34,"Paris, France"
mpa-139-mo34,yrl Mcdhbw,19,"Madrid, Spain"
moy-371-xq20,nyg Banjeaz,62,"Madrid, Spain"
nse-693-lx56,frj Fitzxvhb,36,"LA, USA"
oqe-932-de19,glb Fitzvczu,60,"LA, USA"
aep-491-vz30,fbl Ninwzhg,73,"Paris, France"
qgn-349-qr26,gqd Mckxmy,34,"Paris, France"
nvs-052-qz85,xer Ninrpkm,34,"San Jose, USA"
lnf-043-tw12,xqj Ninenvu,17,"Paris, France"
qml-568-su19,rpf Mcgjhx,45,"Paris, France"
upy-143-uv50,woe Mceawk,35,"Paris, France"
uyp-856-cd24,ley Ninefrw,34,"Paris, France"
fzk-709-ho52,zte Fitzsmeo,44,"Milan, Italy"
tnl-921-dx34,asj Elzury,49,"Madrid, Spain"
ysd-083-fy31,uek Banioau,68,"Paris, France"
rxn-526-gk17,zcn Banmhrl,67,"LA, USA"
gqu-853-sz68,nyq Elnyvk,47,"San Jose, USA"
xzs-026-nx60,zmw Ninbvli,81,"San Jose, USA"
vmr-059-lo30,otn Bansqkt,57,"Paris, France"
hns-314-dg94,ctl Dedkxc,15,"LA, USA"
zen-643-ha45,pqv Mcgtwe,59,"LA, USA"
loj-159-le80,vgj Mcrvgi,77,"Milan, Italy"
dzo-748-zo79,gej Banxcjb,72,"Paris, France"
mpl-519-gr12,ayb Delkuo,44,"San Jose, USA"
bks-937-iz59,rzh Ashqnxc,34,"Paris, France"
fzw-709-qd06,dwa Mcazjv,89,"Paris, France"
qkj-372-bw56,fax Bantdpz,64,"San Jose, USA"
ltd-235-aw86,pmd Ashaslx,49,"Madrid, Spain"
jyi-462-pe07,low Elixof,20,"Paris, France"
wnx-029-hc73,lqz Deivgn,46,"Milan, Italy"
irf-064-lc93,rga Debznr,35,"Paris, France"
hvt-032-xk16,vue Elstcr,35,"LA, USA"
xiu-264-bg48,fqh Ashqmae,40,"Paris, France"
dmp-074-pu49,mts Dekmot,85,"San Jose, USA"
yis-801-hk53,nrq Nintjcd,17,"Paris, France"
qpj-120-vl56,tku Desrpg,25,"Milan, Italy"
fvx-204-lt48,dvl Bangxid,15,"Madrid, Spain"
oxw-238-hm67,rul Decvxk,71,"San Jose, USA"
dnq-850-as69,jvi Nintumh,70,"LA, USA"
wrh-218-ze68,jlr Banlsjo,56,"Paris, France"
tls-849-sb69,apu Fitzlsyx,78,"San Jose, USA"
kgt-346-ix98,hnc Deealq,27,"Milan, Italy"
dzc-018-ez95,gut Ninifqe,52,"Madrid, Spain"
siy-836-kr51,wtk Ninbzrl,50,"Paris, France"
cyq-763-up03,fzm Debvic,43,"Madrid, Spain"
psf-379-uw93,kpy Elbwls,33,"LA, USA"
aoc-960-zf79,uks Bandisb,46,"LA, USA"
olz-359-ca27,vao Fitzkpqf,16,"Milan, Italy"
bgw-439-eq84,mne Ninzrli,37,"Milan, Italy"
idg-417-sa63,lwo Ashaoqz,46,"Milan, Italy"
gal-149-xh13,okv Ninjohc,31,"Paris, France"
tdv-761-zu98,wrm Eldisa,53,"Paris, France"
qag-640-al15,jfu Ashzpto,18,"Paris, France"
rfn-014-wv37,tjh Elrzkv,29,"Milan, Italy"
dti-519-mg01,nvw Banwgsk,67,"Paris, France"
gco-160-iu28,pqo Elzbqs,65,"Madrid, Spain"
phy-520-sm89,qjv Mcmqyl,80,"LA, USA"
wih-481-km25,agu Ninwycr,37,"Milan, Italy"
jpd-450-qg83,otn Elckot,75,"Madrid, Spain"
ptb-341-jk17,gjm Ninvjfa,75,"LA, USA"
htf-894-vj10,knu Dexpoy,85,"Madrid, Spain"
cfl-563-mq80,sgl Fitzahul,24,"Paris, France"
ybn-176-ys96,hru Ninweso,21,"Madrid, Spain"
iur-140-mr72,btx Delfgm,63,"Madrid, Spain"
cnk-061-uz67,laj Ninseui,39,"San Jose, USA"
rnb-421-lk36,lni Elucxv,67,"Paris, France"
vrp-427-st13,jqe Mcqpux,58,"Madrid, Spain"
poy-620-cv52,mjz Ninaygi,69,"San Jose, USA"
bis-857-qn60,ehr Fitzmanb,41,"Paris, France"
zms-490-nd71,rhz Deytzp,86,"Paris, France"
rwq-132-ys65,kyg Fitzrejd,30,"Paris, France"
xyt-967-or13,jvo Baniyna,65,"Milan, Italy"
dou-057-ux75,tis Ashsvqj,85,"Milan, Italy"
zkw-682-ls60,ipt Ninksjc,89,"Milan, Italy"
lba-508-vu53,tur Fitzwxsy,89,"Milan, Italy"
ydt-592-py32,kjf Ninvlzo,80,"Milan, Italy"
bhf-953-sm76,cbe Fitzbnka,34,"Madrid, Spain"
emb-873-av70,hnc Banospt,37,"Paris, France"
szu-479-qk29,duj Bandogm,51,"LA, USA"
bxy-160-ag76,mpx Banoziv,74,"Madrid, Spain"
mld-791-ol62,qla Fitzoeyj,37,"LA, USA"
was-456-xr64,aif Mcfgmc,45,"Madrid, Spain"
jtq-987-bi64,lhk Nintpgq,54,"LA, USA"
jrg-487-mp06,ngb Ashlmyk,54,"Madrid, Spain"
bil-023-ux58,avf Mcunij,89,"San Jose, USA"
ytb-495-pa75,ryg Ashrngx,83,"Milan, Italy"
xhe-971-kh47,akv Eldabc,87,"Paris, France"
cwd-450-ks91,oeu Deqmul,60,"Paris, France"
lpn-314-pf37,lyj Mcpedu,34,"Paris, France"
liw-983-bx29,sfx Ninrdga,64,"Milan, Italy"
wbz-341-qw65,rve Dezlce,31,"Paris, France"
zwt-984-uz95,rwh Ashmpqu,34,"Madrid, Spain"
fho-508-ds09,ocs Dewvcs,31,"Paris, France"
mgw-950-ds05,ide Fitzwmnl,24,"LA, USA"
lvm-923-we19,lxv Ashxktz,87,"LA, USA"
nas-074-xg84,dwt Elceka,36,"Madrid, Spain"
hbn-537-vq19,onb Mcacpz,78,"Paris, France"
alq-847-ej31,uky Eltpom,41,"Paris, France"
aoj-106-xe92,gra Banuzka,83,"Madrid, Spain"
chz-541-uo71,xza Fitzczqv,22,"San Jose, USA"
grf-648-vp59,nle Banuvgt,70,"LA, USA"
bgr-063-up15,iak Elgbwc,87,"Madrid, Spain"
vld-829-an40,kzm Eljign,33,"Paris, France"
nkw-489-cx83,aty Elkwzn,19,"Madrid, Spain"
qws-972-qt18,kaf Elbwim,88,"Milan, Italy"
ket-187-ex20,tsr Fitzwuxv,52,"Paris, France"
jnd-240-qz16,hsm Mcbezx,79,"Paris, France"
kdp-043-qv03,zne Fitzeusk,73,"Madrid, Spain"
avi-607-nd19,niq Elkqvl,49,"Paris, France"
skf-863-hk91,nwh Dedcjn,90,"San Jose, USA"
gex-560-mq41,orh Bantboi,57,"Milan, Italy"
jsn-617-hc51,hju Ashkfyv,31,"Madrid, Spain"
ckw-372-nf82,ywv Deqyoh,61,"Paris, France"
pno-418-wh79,pyb Fitzrcub,29,"LA, USA"
pfz-716-zw27,pis Ninbdzt,41,"Madrid, Spain"
guj-204-ow46,nmy Mcrhay,23,"Paris, France"
uld-620-kx30,ivs Decwnl,57,"LA, USA"
mjo-679-ub91,amw Ninhpdr,19,"Milan, Italy"
djn-912-ba87,yjg Ashoavm,48,"Milan, Italy"
lzr-832-bv81,vwb Mczlvj,46,"Paris, France"
jst-250-wq79,ues Devrpg,42,"San Jose, USA"
mih-827-fd18,ntx Fitzrjoh,21,"Paris, France"
ahc-089-ef39,fkw Banvxgz,69,"LA, USA"
qrp-062-kp34,kiz Ninembv,74,"Milan, Italy"
wvs-329-ln62,jlh Detfik,71,"Madrid, Spain"
suv-589-bw60,rld Banfskh,34,"San Jose, USA"
kqf-783-dp20,cmi Elbkls,74,"San Jose, USA"
ecv-945-jb68,ush Banlrjy,21,"San Jose, USA"
qlu-640-iy46,gfq Mcrgcn,68,"LA, USA"
jzb-280-bp69,igb Fitzykjh,77,"Madrid, Spain"
bxp-820-zg54,cvf Mcpawo,78,"San Jose, USA"
yil-072-hb97,hpy Deubez,83,"Madrid, Spain"
opg-756-ua56,ewh Banktsz,66,"LA, USA"
qnm-347-nz64,rqx Elfxuv,79,"San Jose, USA"
hye-469-wu83,ilm Ashowlr,58,"LA, USA"
kbr-612-kx91,nyp Ashhwlb,26,"Paris, France"
ptu-637-wp36,haw Elfnaj,57,"Paris, France"
kia-796-vk39,uxq Dermeg,74,"Madrid, Spain"
czp-864-gc49,syj Mcnoku,54,"San Jose, USA"
cgz-457-xi95,qho Elwkxh,33,"Madrid, Spain"
wpn-935-hr50,gpx Ninbdru,69,"Milan, Italy"
atb-152-ea84,uys Elwcxb,17,"LA, USA"
cax-238-id48,scb Ashypbs,44,"Milan, Italy"
zwb-109-cr45,cfr Mcnapm,62,"San Jose, USA"
kfd-169-ku18,pwh Fitzaheg,21,"LA, USA"
tna-751-ah47,plm Fitzienv,34,"Milan, Italy"
mgq-147-zl40,lvp Ninbysw,51,"San Jose, USA"
qoz-129-ox86,yzg Mcucyo,55,"San Jose, USA"
znb-705-vi98,rby Deaebq,74,"Madrid, Spain"
zwo-097-mw38,zfd Banohir,34,"LA, USA"
oix-487-ns30,vtu Banvuzs,83,"Madrid, Spain"
jif-217-as76,tsh Banqomh,81,"Madrid, Spain"
bde-537-qy90,fxy Ninuwnp,87,"Milan, Italy"
ity-963-du41,jib Mczfvg,77,"Madrid, Spain"
jau-592-en06,dmo Elvgra,66,"Milan, Italy"
xdc-346-qf16,qtf Mcsyex,37,"Milan, Italy"
vmk-283-yt03,pts Fitzswyh,58,"San Jose, USA"
hef-230-dx27,tzj Ninarxl,79,"San Jose, USA"
ije-047-qa96,dph Mcmsfv,62,"LA, USA"
tda-017-jh96,xzy Fitzmfwq,49,"Milan, Italy"
vwr-963-dq86,rzn Elavbq,83,"Madrid, Spain"
dix-714-yw24,dcv Ashewoa,75,"San Jose, USA"
nih-089-wx06,uck Ashrhiw,74,"San Jose, USA"
ebc-029-eq32,lvd Elqnre,47,"Madrid, Spain"
rsg-942-cn27,kvd Fitzkpqr,84,"Madrid, Spain"
tbf-728-bd58,eok Ninaept,31,"Paris, France"
bgt-415-gd84,tlk Ashbsnl,63,"Madrid, Spain"
fva-290-kj49,bzk Banswfb,84,"LA, USA"
yif-946-ti41,oan Fitzegtr,89,"Paris, France"
cqr-817-pd17,ayj Ashqpkm,68,"Paris, France"
zlu-063-hy26,klp Desjqv,27,"LA, USA"
pgi-376-ut25,cyb Fitztnix,25,"Madrid, Spain"
csy-752-ns73,vfl Mcasoh,70,"Milan, Italy"
ohe-190-mj15,njo Elayef,21,"Milan, Italy"
zun-912-nq05,kjt Fitzpmdb,27,"Milan, Italy"
zbi-182-yo49,lmw Detjnc,86,"San Jose, USA"
vdl-723-dh39,uli Ashiqox,71,"Milan, Italy"
evd-276-kb71,lmt Ninzrdj,79,"LA, USA"
chx-857-zs50,ijl Ashbmvk,34,"Milan, Italy"
biu-709-ir30,bvx Ninaumx,34,"Milan, Italy"
yjc-123-pa10,plz Deevhx,72,"Milan, Italy"
vwe-204-ly41,yzt Dewrlf,55,"Milan, Italy"
cwa-517-of01,tia Ninemws,34,"LA, USA"
lpi-394-ex43,kor Fitzngbp,52,"Madrid, Spain"
eik-428-jy26,uek Deexkz,26,"Milan, Italy"
avp-869-yh02,ieg Defdha,53,"LA, USA"
wfc-286-iy46,qsv Fitzenkf,57,"LA, USA"
aji-734-vf54,uah Ninrsku,47,"Milan, Italy"
abi-259-en49,olg Mcpkjz,73,"Madrid, Spain"
rlw-708-rj59,apd Ninjuxr,61,"Milan, Italy"
aog-927-ok64,nbu Elvadz,24,"LA, USA"
axd-962-nr69,dit Fitzsiye,23,"Madrid, Spain"
ctm-507-pl74,ngh Banybsj,90,"Paris, France"
vhy-491-vo42,gmr Banrwxj,45,"San Jose, USA"
pva-391-yk23,ilk Ashevdc,63,"Paris, France"
ugi-578-ie93,mly Elufho,37,"Milan, Italy"
isa-916-gq31,kev Nindosj,26,"Madrid, Spain"
kts-056-pe51,mkd Ashshqd,55,"Madrid, Spain"
ovh-832-sr35,yvc Deahvo,43,"LA, USA"
anc-935-ce90,zkv Ashxeyv,63,"Paris, France"
rox-469-ja90,lpr Mcnmey,18,"San Jose, USA"
lxk-746-tq41,uaf Fitzfwle,26,"Milan, Italy"
hbn-261-ac35,fnj Demtcj,72,"San Jose, USA"
edq-941-fn98,epx Mcqyam,19,"San Jose, USA"
avu-784-jh95,arl Ashcjbx,79,"LA, USA"
dzj-628-nx80,der Derspw,15,"Milan, Italy"
jbf-159-ka84,xyn Ashlrdb,27,"Paris, France"
xgl-290-lp16,dgs Mctmxq,59,"Milan, Italy"
nls-596-zh35,jnc Elienq,59,"Milan, Italy"
zhq-460-ki18,ale Mcelky,21,"Madrid, Spain"
dbg-059-je79,qhx Ninzwdx,88,"Madrid, Spain"
kyu-375-yh25,lbk Mcmqit,84,"LA, USA"
qxi-694-su76,qcf Demiap,32,"Madrid, Spain"
ybg-472-sm12,rgw Ninwxqo,35,"Madrid, Spain"
bwx-235-ua67,bdn Ninakmq,80,"Milan, Italy"
fwb-463-le64,wne Fitzhqeu,75,"Milan, Italy"
ioc-318-sd21,ero Deedlr,52,"LA, USA"
qow-079-dl75,eot Elvlig,48,"Madrid, Spain"
ckg-730-uc48,qzo Mcpvel,81,"Milan, Italy"
xlt-592-gm24,wev Ellfqt,26,"LA, USA"
ysd-074-ub62,krz Ninzluf,65,"Madrid, Spain"
qhs-942-te16,ong Ashtkip,37,"Madrid, Spain"
jem-769-od14,pjg Nininmf,86,"San Jose, USA"
aey-361-pk51,zib Elnehq,25,"Milan, Italy"
erm-369-ft65,tkp Mcpymo,59,"Paris, France"
asu-549-we27,lrc Mcqsvy,25,"Paris, France"
rvo-639-fi47,lei Banenlf,43,"Paris, France"
rlx-053-py26,tah Banzsrl,24,"San Jose, USA"
cpx-027-bm17,azd Ninazcp,66,"Madrid, Spain"
qix-290-pd46,aqd Mcrafh,37,"San Jose, USA"
jto-302-lu94,ypb Elajni,61,"Milan, Italy"
kdr-407-ka70,bwp Fitzoepj,36,"Madrid, Spain"
sel-075-ot23,oyf Fitzzxar,44,"San Jose, USA"
tkp-074-mc76,ybu Fitzuxfs,72,"LA, USA"
xpy-965-qi84,voh Ninqdcj,70,"LA, USA"
enm-690-vf54,nqp Banyjgq,64,"Madrid, Spain"
jfa-062-tx20,wih Desgju,83,"San Jose, USA"
tcs-340-jo74,kyz Ashkymz,76,"LA, USA"
jlb-185-qp31,uhk Nineyoz,69,"San Jose, USA"
kxr-039-hz21,qrg Ashtmdh,28,"Milan, Italy"
bup-134-xh53,ufd Ashpkhe,68,"Paris, France"
dnq-761-zx87,vjk Dermsu,88,"Milan, Italy"
vpj-605-qb70,dvf Derqcf,72,"Milan, Italy"
iru-130-xr82,bqx Ninpkht,38,"Madrid, Spain"
hnr-417-mg25,drc Fitzecay,78,"LA, USA"
vuf-892-vm40,hec Ninbfhc,29,"Madrid, Spain"
bom-632-fe34,mqv Elsyzt,56,"Madrid, Spain"
jav-163-ru93,tpu Mcyvmr,33,"LA, USA"
fce-328-wp98,pxs Banexlu,73,"LA, USA"
fml-923-cu38,rul Deuqsy,46,"Paris, France"
njw-314-yv95,ghk Ninyqui,51,"Paris, France"
sgr-695-ar89,wgc Ashwxqp,63,"Milan, Italy"
zrs-463-vf93,zdh Ashzgup,66,"Paris, France"
zbo-542-oe13,utj Elkajc,90,"Paris, France"
ltg-345-rx05,zfy Ninhudl,39,"Madrid, Spain"
qbe-368-ew36,rdl Fitzvahm,58,"LA, USA"
tnh-894-et58,ykz Elsufi,19,"San Jose, USA"
nwv-197-su46,nlt Bangjsx,19,"LA, USA"
izd-135-nh04,qog Mcihfq,53,"Paris, France"
zjx-308-zn79,hqb Banbvjx,28,"Madrid, Spain"
far-742-hz43,kgn Mcorzw,43,"Madrid, Spain"
dez-682-qa51,vuc Mcobms,73,"Madrid, Spain"
bsa-968-hi26,oxe Banrfbj,44,"LA, USA"
jdh-698-xq36,wem Mcljat,33,"LA, USA"
hxp-052-er48,yzd Banhteu,60,"San Jose, USA"
gfy-184-we82,cwf Ninrpeb,89,"San Jose, USA"
mox-298-eq90,hmc Dejyku,89,"Paris, France"
xzq-352-ko53,wxc Ninltbr,65,"Milan, Italy"
fat-693-ol35,whd Ninzfvk,58,"Madrid, Spain"
piw-436-pr06,fqy Eltvbn,90,"Paris, France"
vpx-564-mx12,bqm Ashfczn,56,"Milan, Italy"
xmk-596-ca71,tca Mcrkpm,37,"Madrid, Spain"
dhc-781-nl81,xhw Fitzwomd,83,"Madrid, Spain"
zov-407-em42,azj Ninitzd,19,"Milan, Italy"
jux-824-kj48,xqp Debsnw,74,"San Jose, USA"
gpe-193-oh91,ixp Dezwdj,82,"Milan, Italy"
wks-456-dc59,nab Ningluj,46,"San Jose, USA"
kvu-830-kr17,csu Dezbst,24,"Paris, France"
mdr-670-ny36,hfu Elolfj,88,"Paris, France"
dth-168-ys90,opj Elcweg,41,"San Jose, USA"
aju-493-hy86,fny Fitzzdwp,53,"Madrid, Spain"
gzv-937-bo83,osz Elxntd,39,"San Jose, USA"
hqr-257-im54,gnj Mccbmw,47,"Madrid, Spain"
tou-268-vj54,xzf Desbtd,85,"Madrid, Spain"
acy-521-in01,qsw Fitzakol,17,"San Jose, USA"
uqt-835-qf35,omi Dezvpd,63,"San Jose, USA"
ilw-194-zt40,aps Ninrzbp,40,"Madrid, Spain"
poa-589-kq61,gox Mcvzuk,79,"Milan, Italy"
jrd-486-mg75,thf Ashloev,47,"Paris, France"
obk-596-np90,jmd Ashrpxc,27,"Milan, Italy"
fhj-813-bj81,nhi Fitzxsfm,69,"LA, USA"
epv-129-bk76,vyr Eltbzi,15,"Paris, France"
xlz-473-jv07,gva Mcwzub,28,"LA, USA"
oun-391-ci20,xzg Mcryac,70,"Madrid, Spain"
nlx-695-cn67,hsw Mcrpsi,26,"Paris, France"
svh-169-as68,edg Ashbfep,81,"San Jose, USA"
qvl-632-st15,kiv Ashwsgd,89,"Madrid, Spain"
pde-420-tn28,xuf Fitzqbzw,79,"Madrid, Spain"
qeo-947-ck76,mcb Fitzybul,42,"Milan, Italy"
uxi-389-hz17,djx Ninfahc,69,"LA, USA"
ehi-396-rg54,ous Asheofv,16,"Madrid, Spain"
vwy-524-zd18,tmf Mcnvsg,41,"Milan, Italy"
wtg-731-di24,teh Fitzfnat,89,"Paris, France"
cru-921-tq70,dpi Deldax,36,"LA, USA"
dnx-203-ir28,oqy Ashjytk,63,"San Jose, USA"
fli-054-es41,hum Ashzdop,48,"Madrid, Spain"
sxj-697-nu14,jsl Ashrild,31,"Paris, France"
djf-536-ay20,tre Ninmonf,15,"Madrid, Spain"
qny-982-sq60,xvs Delycz,45,"Madrid, Spain"
ati-728-ba05,ehg Fitzgykb,64,"Paris, France"
vwh-973-qh42,gdj Elgisr,45,"Paris, France"
wse-317-hw94,fqp Ashugsd,27,"Madrid, Spain"
dvi-836-us07,daj Mchuez,76,"Madrid, Spain"
mxi-935-xj42,xvu Banonul,78,"Madrid, Spain"
nkb-263-yq67,jhe Ninnafe,66,"Madrid, Spain"
tsj-105-ky23,dcx Mcgqxi,30,"San Jose, USA"
hxn-658-vt14,hyx Mcqylf,77,"LA, USA"
zfs-720-uo32,cna Ashlepv,72,"San Jose, USA"
mhr-534-hg37,tmr Ningbic,71,"Paris, France"
ybx-624-pa01,gxj Detqcn,23,"LA, USA"
hda-159-pe81,qcm Ninpiyn,56,"Paris, France"
emt-791-nw17,btl Ninkcqt,67,"Milan, Italy"
jsy-378-un69,lay Fitzjrxd,36,"LA, USA"
hcf-745-ci14,ehu Fitzgfjr,72,"Milan, Italy"
dcv-053-lx28,jgs Ashjzxo,22,"Madrid, Spain"
rnb-051-oq24,uzw Mcsewz,54,"Paris, France"
zfd-983-bz75,cvw Ninlcni,34,"Milan, Italy"
yru-817-br63,evd Nindcra,62,"Madrid, Spain"
imj-583-rt90,vxc Bancwqz,88,"Milan, Italy"
old-547-ah62,hwd Ashyshm,15,"Madrid, Spain"
bto-386-qe50,fbd Ninbcjq,48,"Paris, France"
bac-931-ry89,ukm Elijkc,80,"Paris, France"
hel-625-yo76,dxc Dejeaw,88,"LA, USA"
lnh-623-ev79,epx Elutkh,24,"LA, USA"
wbj-091-mf18,otv Mcjtie,42,"Paris, France"
yan-740-kl03,hrk Ashutvx,36,"LA, USA"
ubw-715-zm74,aht Ninemjk,58,"LA, USA"
ypb-092-qu90,htv Mclzmf,72,"Madrid, Spain"
evx-015-qi07,thl Elrdwp,61,"Milan, Italy"
ulr-086-xm06,ikc Elrqfv,84,"Milan, Italy"
pby-019-ey30,ovw Banmskg,20,"San Jose, USA"
brv-108-mh38,cxu Banwldn,21,"Milan, Italy"
wek-261-gq01,wus Ningxbw,31,"Milan, Italy"
lmi-817-ve98,zgv Elrqie,23,"Milan, Italy"
nub-495-bl14,uzk Ashdmar,35,"Madrid, Spain"
pas-675-bf75,kut Fitzzcmk,87,"LA, USA"
pyz-864-ln69,ywv Fitzicvw,49,"Madrid, Spain"
wis-380-hc02,xnf Fitzyarx,51,"Milan, Italy"
osw-649-fq63,jze Elwqnp,49,"Paris, France"
iaj-495-sw69,erc Ashymku,40,"Paris, France"
pko-217-yk94,ksy Banqawy,81,"San Jose, USA"
nhb-251-nb10,ozx Mcpwzc,55,"Paris, France"
rpv-493-bt59,nqy Banuldi,54,"LA, USA"
cty-014-qi23,gfi Fitzevwd,86,"San Jose, USA"
qgp-235-ik50,stn Ninslim,65,"Madrid, Spain"
nbo-692-om07,ieg Banjdxy,76,"Paris, France"
nqk-619-rn76,yhc Deshdr,16,"Paris, France"
vzp-074-ny02,xyg Ashydcv,49,"Paris, France"
wjg-768-ju67,ntr Elgmon,20,"LA, USA"
dxf-618-ni48,eru Ninoble,71,"San Jose, USA"
cgs-076-nj87,rgq Nintwlz,41,"Paris, France"
npt-879-pq24,fgs Ninaqps,59,"LA, USA"
rbj-367-ai70,hpk Decmfx,89,"San Jose, USA"
sbg-971-ba90,qrt Ashnrhp,57,"Madrid, Spain"
xqw-053-gk37,giw Mckybq,43,"Madrid, Spain"
hlf-632-je36,lnb Deyond,31,"Madrid, Spain"
hsf-803-xn56,zkg Detgcv,56,"San Jose, USA"
dgt-840-lv36,dgi Mcmyxo,84,"Paris, France"
hbi-480-qa26,iam Elkcvm,34,"San Jose, USA"
joh-425-vd27,vra Mcdtaj,78,"Paris, France"
rym-976-kw08,xst Ashicop,56,"Paris, France"
jzr-130-xv70,bgw Ninwxho,60,"Madrid, Spain"
vsw-758-wc69,cep Mcfnkd,44,"LA, USA"
lim-407-mq35,jua Decjfv,15,"LA, USA"
jqh-290-fl78,yqv Elpelx,74,"San Jose, USA"
aiw-274-cv31,pxb Ashncal,29,"Paris, France"
nyx-710-ja28,dqn Ashmblv,42,"LA, USA"
ago-637-wa47,thn Ashlzro,37,"LA, USA"
tzb-241-hb32,ybc Ninnxuk,46,"Milan, Italy"
rtw-712-fq37,wdt Ninhnui,15,"San Jose, USA"
hpg-345-rp40,yne Banxted,61,"Madrid, Spain"
xvl-984-zn61,fty Mckuzr,17,"Paris, France"
kbx-267-zj59,rxu Delsrk,74,"San Jose, USA"
fxk-365-lw23,dpx Fitzbkqs,35,"LA, USA"
hja-036-mt38,zsc Ashxreo,60,"LA, USA"
ugq-731-ul71,swh Banxhmv,80,"Milan, Italy"
mca-156-gi29,ubq Ashcrmk,57,"Madrid, Spain"
jcv-293-go01,gdv Ninwpzh,24,"San Jose, USA"
qyi-382-uh23,quo Banwaok,87,"Madrid, Spain"
zec-146-xr62,prm Mcwmnc,66,"Madrid, Spain"
thc-650-yv73,wuh Ashxbvr,19,"San Jose, USA"
qep-219-eo94,dst Elrkyv,81,"LA, USA"
vqo-543-nx79,skv Elwfvi,47,"Madrid, Spain"
hqe-504-ju17,cki Ashxwdb,62,"LA, USA"
lno-152-ph17,pmw Dehzyl,72,"Madrid, Spain"
qdu-079-et97,zib Ninyvej,18,"Paris, France"
eol-784-gh05,wyb Banspiv,45,"LA, USA"
yxm-963-qs15,qmw Niniwme,61,"Paris, France"
nwj-259-wb94,sje Banycds,81,"Paris, France"
ypi-392-pa12,byj Mctybr,20,"Madrid, Spain"
xvj-741-vz69,wmo Mcscer,90,"Paris, France"
wmf-086-jv54,vyf Ninovmx,49,"Madrid, Spain"
wxz-963-hc54,jhi Bangfcd,16,"Paris, France"
etn-942-rk90,fdq Mcebao,81,"Milan, Italy"
ovm-176-ji05,aet Banaluv,86,"Milan, Italy"
tsp-036-gu30,ipy Fitzscnm,57,"San Jose, USA"
vmd-478-bg56,dws Mcvmwo,51,"LA, USA"
jxq-590-of25,btz Defsql,76,"Milan, Italy"
lbf-254-rh47,quy Fitzxgey,54,"Milan, Italy"
myt-178-rm86,bjt Ninfrwt,19,"San Jose, USA"
dsi-753-so23,uqa Ashdcby,90,"San Jose, USA"
wud-253-jk92,ysm Ashbcml,42,"San Jose, USA"
xov-358-no83,tnk Ninsaec,15,"San Jose, USA"
zjl-128-on86,zea Fitzwkup,36,"Milan, Italy"
nzc-380-cl65,emu Mcgenu,71,"Milan, Italy"
nqi-067-na40,tvh Fitzofiw,59,"San Jose, USA"
ien-021-hx96,gtj Bancqzy,88,"Madrid, Spain"
mow-104-ji05,ebu Fitzvsly,16,"Paris, France"
ofx-490-nd36,avg Ashkelu,21,"LA, USA"
jnx-014-wa98,hqr Ninuenp,65,"Madrid, Spain"
ltc-470-wb15,cvd Devflw,16,"San Jose, USA"
zdt-905-sc02,qnb Dewmza,59,"Paris, France"
vwz-826-qe90,rhg Ninhftn,86,"Madrid, Spain"
ips-687-ha57,wms Elzayj,52,"Madrid, Spain"
lnt-439-tm59,sxz Ninlrmt,82,"Paris, France"
evn-071-kx26,wkq Ashydqj,46,"Madrid, Spain"
zta-702-zr79,evq Ashfprb,67,"Paris, France"
yzg-320-ud64,fus Fitzpyfi,36,"Paris, France"
dcj-269-nr14,bhx Bancphq,72,"Milan, Italy"
stg-854-qr64,qdv Ellqxs,19,"Paris, France"
dhf-259-tj90,cvi Ninvulh,24,"LA, USA"
upj-374-lx63,hfa Ashqviu,21,"Paris, France"
nba-642-wh45,yhq Banploa,40,"Paris, France"
lkx-413-pz25,vfu Ashfjop,86,"LA, USA"
avz-916-dc40,vqj Bannhiv,51,"Milan, Italy"
tco-537-ns10,wtu Devyjp,24,"LA, USA"
ysk-193-nk07,urb Elaomv,68,"Milan, Italy"
cfr-285-zs09,cti Fitzrqjx,88,"Paris, France"
sli-819-cw97,gzc Fitzylzc,25,"San Jose, USA"
tal-536-pq59,jmk Banpmnu,55,"LA, USA"
qsh-659-fp03,kly Ninmexj,30,"Milan, Italy"
jwv-970-em71,dap Mcjbua,39,"LA, USA"
eqw-296-sc19,nzo Elpirg,36,"Milan, Italy"
azk-918-qs14,duf Mcynja,19,"Paris, France"
tmy-617-ib95,mkr Fitzhfdn,32,"Madrid, Spain"
osb-812-ho93,fpk Mcykgl,55,"San Jose, USA"
fnw-793-ih85,coh Deocxf,72,"LA, USA"
mjf-706-mi29,uxt Fitzdcmg,39,"Madrid, Spain"
vzw-532-ib56,ckf Mcfctm,81,"Paris, France"
cvy-236-nj69,giy Ashyfsd,71,"Madrid, Spain"
ajh-619-io12,kdy Bankfhb,79,"Madrid, Spain"
zxi-583-og26,pfb Mccbtr,87,"Madrid, Spain"
hon-678-zk13,bvm Nintzxh,23,"Paris, France"
vtn-371-vi27,zkg Mcoyqv,32,"Milan, Italy"
alf-247-fr70,smc Banvnqu,69,"Milan, Italy"
bvu-659-wx48,ipz Ashqaif,41,"LA, USA"
vxr-179-vt72,htr Elzqwf,76,"Madrid, Spain"
tgs-871-kp10,vab Fitzkzyw,87,"San Jose, USA"
lid-354-xn84,qkr Fitzjoqr,30,"Milan, Italy"
zib-057-nl71,urv Ashpanx,28,"Paris, France"
iwn-765-ve35,wfk Ninxyin,83,"LA, USA"
krp-849-ej01,wqg Ninavuo,67,"Madrid, Spain"
whd-627-sr08,ytw Deisoe,72,"Paris, France"
ulo-028-zk89,mcx Ningdow,67,"Paris, France"
hsq-940-rd72,jvt Ashwecj,66,"LA, USA"
hpo-392-rb39,ycf Mcegfu,36,"LA, USA"
zfn-374-gj80,kcy Fitzdqsi,90,"Paris, France"
cou-189-te39,wnr Eltkwu,54,"LA, USA"
uaq-793-mc98,zyg Ninatsq,17,"San Jose, USA"
iuz-208-qy56,bcv Mcpljm,59,"Madrid, Spain"
dbv-528-mh14,bug Ninmrua,38,"Madrid, Spain"
fbu-469-wa95,dte Ninsmfw,70,"Madrid, Spain"
zdw-083-dq05,yti Banypoc,29,"Paris, France"
jxo-456-tn97,efi Deezio,47,"Milan, Italy"
nlo-628-ql98,jqt Ashhbkg,18,"LA, USA"
jia-570-re90,bjv Ashejfo,72,"LA, USA"
ejx-647-ti94,udb Fitzfohs,67,"Madrid, Spain"
lvp-579-qp79,atb Banvfpz,33,"San Jose, USA"
vke-305-pb28,pal Banlrqi,53,"Paris, France"
vrp-613-rk69,bkg Ninwjec,72,"Milan, Italy"
nic-190-cn85,agj Banjmcx,27,"LA, USA"
ryh-195-xv95,euq Banbecy,31,"San Jose, USA"
vpi-931-eb72,wtv Ninaexp,30,"Paris, France"
yob-271-rj53,zjh Mcdfro,32,"Milan, Italy"
fhm-435-hg71,afk Eltgwv,24,"LA, USA"
imu-084-up91,mjx Ashsyup,50,"Milan, Italy"
pdj-086-tc61,mgq Detnpq,89,"LA, USA"
dip-287-hf36,epq Ninqxrd,26,"Madrid, Spain"
cmv-243-ke09,mxv Bantkwr,67,"Paris, France"
fce-254-ci17,agp Ninlrmc,38,"Milan, Italy"
jot-348-ki29,diq Ashwpht,57,"LA, USA"
sxd-840-mq97,jpc Mcejnz,51,"Paris, France"
dci-815-tr86,ors Ashflet,24,"San Jose, USA"
zgq-056-wj26,gfa Banczwb,30,"Milan, Italy"
gfb-031-ns90,jpe Elxmvb,83,"LA, USA"
ngy-137-ys10,aks Banwkno,19,"Madrid, Spain"
xfa-983-ax87,zqy Nineray,47,"LA, USA"
yax-576-ft12,zmt Mcivhb,89,"Milan, Italy"
zma-659-xl90,lmq Dehwkb,68,"San Jose, USA"
utd-370-ep24,joz Bantesu,25,"LA, USA"
yoj-731-km37,zbf Deyihs,57,"LA, USA"
lpw-821-vd70,zxj Banumky,28,"Madrid, Spain"
jex-517-iy72,iwu Ashzraq,62,"San Jose, USA"
lox-812-xh78,rix Mcwdfa,74,"LA, USA"
fjl-941-eo80,ptm Eldqlg,28,"San Jose, USA"
sek-356-mr82,lpr Ashvzum,36,"LA, USA"
qst-106-gz90,jgw Elpigx,37,"Paris, France"
qhg-789-kj40,mna Ashqmwf,65,"Milan, Italy"
zns-549-az59,jgq Deyeol,62,"Madrid, Spain"
hey-894-zp97,kyg Fitzjhsl,63,"Milan, Italy"
yvc-721-er81,xly Fitzmplg,66,"Madrid, Spain"
dor-391-zo46,qty Dekgix,61,"Paris, France"
rhd-451-sa83,ktv Fitzhzku,89,"San Jose, USA"
cvh-245-fv35,wiv Elhznu,84,"LA, USA"
zkd-654-ae46,lvw Banipxf,49,"Milan, Italy"
rfl-527-rf46,esf Fitzpgvq,58,"LA, USA"
iqy-046-yu50,lxh Elpakz,57,"San Jose, USA"
dih-745-mg57,pzd Ashoyhl,46,"LA, USA"
gnc-824-nz51,cvt Banntvk,61,"Milan, Italy"
kut-016-od09,ahz Derwmt,15,"Madrid, Spain"
gqn-247-pq43,cdp Elzifb,42,"Madrid, Spain"
txb-785-cq42,ozm Elqngy,51,"Paris, France"
mjs-846-er04,btm Fitzsoab,43,"Paris, France"
krh-407-wg27,jtw Ashjbmo,39,"Milan, Italy"
dtg-783-et31,jup Bannlqj,87,"Madrid, Spain"
dtz-689-ow16,cup Fitzmtpb,74,"Paris, France"
fhb-457-oc56,waz Ninxusy,88,"Milan, Italy"
zfu-085-de59,ikc Ninybqm,41,"LA, USA"
but-941-bl51,kgc Ninucgy,42,"Milan, Italy"
wdp-910-kf54,cai Banxawm,59,"Milan, Italy"
lis-924-wf53,veq Ninxlkd,41,"San Jose, USA"
qhd-798-lk39,yue Elcdrs,29,"Milan, Italy"
uij-653-cu07,vne Banyhqn,67,"Milan, Italy"
ljs-271-sp95,wfh Ninisnm,43,"Milan, Italy"
hpk-478-xe24,irp Mcciak,87,"Milan, Italy"
zwt-024-fj58,lwj Ninhqce,33,"LA, USA"
fzp-479-sf67,vgw Mceikw,64,"Madrid, Spain"
vgi-321-nj80,cwj Ninkpac,84,"San Jose, USA"
lqz-512-uo42,luz Fitzdhxf,82,"San Jose, USA"
euj-971-rq49,jqu Elsugk,43,"Madrid, Spain"
txc-879-ig79,lws Banresj,37,"Paris, France"
ute-092-gy72,rah Elscfv,49,"Madrid, Spain"
rjl-942-gz97,hqo Deohbp,73,"San Jose, USA"
rvh-193-lx54,flc Mcdhzm,69,"LA, USA"
hlk-639-op03,vra Ashqudx,61,"Paris, France"
xiv-049-to51,ukx Elwopj,36,"Paris, France"
abn-579-zq87,rhx Elmtld,47,"Paris, France"
cji-735-mj59,omd Ninkbuz,68,"Madrid, Spain"
guq-097-up82,ejz Nintuzd,76,"San Jose, USA"
nzw-842-fv40,kvq Ninorpa,38,"San Jose, USA"
mng-748-bj75,qfi Fitzlpac,17,"San Jose, USA"
ijm-625-ej19,gpc Bansvlo,59,"San Jose, USA"
vor-523-wo18,dzf Mcnghx,46,"Paris, France"
xco-894-ot57,mit Banjopc,52,"San Jose, USA"
sfh-278-ja63,xwn Ashqipl,27,"Paris, France"
ewm-183-pj82,hyn Fitzxvky,45,"Milan, Italy"
mlo-328-to67,fmq Mcnbqo,21,"Madrid, Spain"
ikq-257-gr19,mge Deodrc,53,"San Jose, USA"
kuz-714-nv91,aui Elcjlk,20,"Madrid, Spain"
bsl-642-oe43,ynx Ashxpbj,24,"LA, USA"
eds-542-jr67,nob Fitzqazg,57,"Paris, France"
ehc-721-at53,frw Banbfzq,27,"Paris, France"
ndm-910-ge10,eqz Fitzfdgz,35,"Madrid, Spain"
mkl-703-th23,vhl Elcbvt,17,"Milan, Italy"
jnd-035-tq73,mqz Elofwj,18,"San Jose, USA"
uvj-974-co52,sqv Deipmk,63,"LA, USA"
xib-514-po52,ikn Ashkxtm,75,"Paris, France"
wie-763-kc27,jqe Mceoiw,63,"Milan, Italy"
lph-641-xo21,ltc Ninblwv,23,"San Jose, USA"
hmn-784-xg76,bjd Fitzadro,16,"LA, USA"
qmx-196-by58,phj Fitzmzfs,36,"Milan, Italy"
mut-826-rd70,qte Ninfmza,42,"Madrid, Spain"
klq-392-vt81,fry Asheqoa,52,"San Jose, USA"
zba-948-mo08,gty Fitzhajx,42,"Milan, Italy"
yva-231-ze06,dko Ninblyq,60,"LA, USA"
fld-178-ul12,nvx Ninfwgn,72,"Milan, Italy"
yfa-567-hv25,nph Elmtws,79,"Milan, Italy"
whb-957-cu42,vmr Eliqvh,34,"San Jose, USA"
dmv-847-ow89,pal Mccxnp,40,"San Jose, USA"
bwi-072-ac35,rwh Mcuzrc,84,"Madrid, Spain"
qir-267-dw86,fyg Nindqpf,49,"San Jose, USA"
ksa-064-we75,zag Mcmbif,39,"San Jose, USA"
cld-341-pt64,inz Mcenvw,37,"Milan, Italy"
ogm-281-ad71,tul Elnewb,52,"Paris, France"
yfk-862-bx13,azl Banmirl,46,"Milan, Italy"
bwq-715-jy63,aly Fitzxfnw,75,"Paris, France"
xqj-038-tm58,tir Bannwka,54,"Milan, Italy"
ctv-738-iu46,ngy Ashijxn,75,"LA, USA"
vec-216-az73,spt Demhts,76,"Milan, Italy"
ylv-574-fc91,gsn Fitzxnow,72,"San Jose, USA"
iqr-286-fi06,awz Banuksd,64,"Madrid, Spain"
twp-216-uz57,qzx Ninkerz,16,"Paris, France"
jbr-294-zo37,vlu Ningnbt,78,"San Jose, USA"
ner-410-ke02,uel Ninpdjo,31,"Madrid, Spain"
gua-052-fb42,fmr Mcolxh,79,"LA, USA"
qou-590-df90,zjn Fitzqetr,31,"LA, USA"
idl-217-rz32,jrk Fitzvxlo,40,"LA, USA"
fnl-316-yu38,svi Ninzvhn,77,"Madrid, Spain"
ojp-012-yu76,gmr Fitzgcms,58,"Milan, Italy"
aig-516-eu65,uyg Nincmfx,15,"Paris, France"
srk-862-fj98,rqx Mcnthy,71,"Milan, Italy"
hza-056-ae94,qwt Deuvir,22,"Madrid, Spain"
jzf-186-ye37,uzr Nineiqj,83,"LA, USA"
him-856-lz40,dsh Mceyrv,61,"Milan, Italy"
azu-375-yu29,oue Dezwmv,80,"San Jose, USA"
cen-371-bj04,bfy Bangsvd,70,"Madrid, Spain"
ita-897-fw34,xui Mcowzn,34,"Paris, France"
lrv-975-it28,psa Ashbtla,77,"Paris, France"
cua-804-lf04,urj Fitzcove,77,"Milan, Italy"
zeg-405-qu58,oid Ashnokg,89,"Paris, France"
icy-017-na82,wuc Detngz,73,"Paris, France"
skr-780-mb92,eyg Fitzxraq,83,"San Jose, USA"
fuj-958-tw19,res Ashjmis,35,"Milan, Italy"
blp-367-gn28,uox Ashftpu,83,"LA, USA"
api-798-er87,rjc Elfkor,90,"Madrid, Spain"
dyp-031-hg29,aly Nintkay,75,"Madrid, Spain"
giv-965-us50,scu Elxtbk,31,"Milan, Italy"
ydh-916-zx12,rkf Fitzcqsz,77,"LA, USA"
htk-179-sk09,tev Mctvle,36,"LA, USA"
ney-502-xc15,vft Debcgm,80,"Paris, France"
fhw-182-pm90,ekt Dejbzu,28,"LA, USA"
ywp-325-ap48,kct Elskjg,82,"LA, USA"
sti-208-ux94,zbj Banuiaf,16,"Madrid, Spain"
gtn-140-lh86,tyd Banatil,55,"Milan, Italy"
qij-263-vq84,qwf Mclhwz,68,"Madrid, Spain"
nox-236-rk67,cvx Ashnkgs,41,"Madrid, Spain"
csm-051-re67,yoi Fitzwucm,61,"Paris, France"
kwg-341-im73,aon Elboza,38,"Madrid, Spain"
dgo-748-ra49,ldh Mcatxc,22,"Madrid, Spain"
pzh-370-zy98,dou Mctwvr,87,"Milan, Italy"
rap-429-nq65,koi Mcyaqn,68,"Madrid, Spain"
prc-574-vu89,jky Fitztchl,24,"Paris, France"
btj-134-st65,adt Elfunm,69,"Paris, France"
ewf-167-xv91,pcy Mcwuic,90,"Madrid, Spain"
fcw-629-hi36,hyw Ashgxmh,24,"Milan, Italy"
dlt-518-ad80,rmw Ashphub,21,"San Jose, USA"
xgy-835-av37,jsx Mcmtvp,60,"Madrid, Spain"
ilt-571-lm27,xhv Mcrvus,37,"LA, USA"
nea-413-tl29,rta Ashqfxk,34,"Paris, France"
ent-901-ow76,cqk Ninbyna,33,"Paris, France"
iaf-631-wz06,ylz Mcclyn,87,"San Jose, USA"
ydz-027-zq58,bxn Elktrg,32,"Paris, France"
xuy-137-ex82,xbw Ninzher,49,"Paris, France"
mwc-946-ep45,qul Ashzjsc,68,"LA, USA"
ftd-128-pi27,znm Ashwqkx,89,"San Jose, USA"
zjo-503-dj45,ote Ashxyvr,52,"Paris, France"
zlc-846-zq80,mdc Mcdrsq,33,"Milan, Italy"
lvj-658-mp39,lkb Fitzgpdk,62,"San Jose, USA"
kzw-318-bu90,bag Elqcea,29,"LA, USA"
rtj-901-qz38,wkt Mcfnvt,66,"LA, USA"
utg-895-wh10,god Mctoac,28,"LA, USA"
qfa-265-ij58,rcl Ashxfya,25,"LA, USA"
jmw-256-de21,ktw Elnzhk,16,"Paris, France"
biw-025-cv71,fgv Elonxr,55,"Madrid, Spain"
xdo-087-cl23,kxg Banarus,86,"Madrid, Spain"
gyt-973-js19,don Banextn,47,"Madrid, Spain"
jfo-064-qx16,isd Mcblha,87,"LA, USA"
dgb-496-lh02,ftz Ashkuim,31,"Paris, France"
pha-547-wa07,dei Democt,46,"Milan, Italy"
oiq-853-sm46,jwd Fitzpxeu,59,"San Jose, USA"
cts-693-in29,efx Banigum,49,"Milan, Italy"
sld-196-vs58,dlo Mcgklz,15,"Paris, France"
utg-450-tv34,cwl Mcilmo,22,"LA, USA"
sdt-374-cj29,suf Elipvq,51,"Milan, Italy"
tra-631-up83,imc Bandyun,34,"Paris, France"
qbi-439-mj98,vsg Ashyreh,28,"Paris, France"
bhz-781-io26,xkv Ashqcsp,20,"LA, USA"
tem-476-og20,svq Banwgod,21,"LA, USA"
pkc-649-rg09,oxn Mcgoxe,87,"LA, USA"
ome-692-vj25,knr Mcugql,76,"Milan, Italy"
kat-976-jl46,vrs Dekyap,63,"Paris, France"
coy-123-oj69,yjq Deeazc,18,"LA, USA"
wpg-520-iu18,qnr Elrjxb,48,"Milan, Italy"
qsi-965-cd51,pok Ninrdax,84,"San Jose, USA"
czt-539-qg60,zvf Desdcu,56,"LA, USA"
xpf-169-va17,peq Mctkeo,73,"Milan, Italy"
xcu-653-le52,byi Fitzhsrl,80,"Madrid, Spain"
yma-279-om47,qno Banzvrw,48,"Milan, Italy"
xse-832-te08,pbn Banrcbf,46,"LA, USA"
ejv-380-vb29,adv Ninihlf,58,"Madrid, Spain"
rlk-527-fr54,dsx Ashaqeo,29,"Paris, France"
ehg-170-al42,wqf Ashouyr,32,"Paris, France"
dlj-429-zn40,hiw Elbjmn,27,"Milan, Italy"
osr-528-ct39,eqn Mcgshb,68,"LA, USA"
tpb-623-bl95,mqc Fitzekjt,63,"Paris, France"
mkn-547-wb39,qer Ashdjvn,18,"LA, USA"
mih-067-ow35,zuq Ninlnfb,16,"Milan, Italy"
evy-892-aj76,kvf Banntbd,65,"Paris, France"
tue-056-vd81,xwt Ashktco,39,"Milan, Italy"
uqn-592-nk31,xwf Elkyce,31,"LA, USA"
pcd-195-ne93,xar Dezxwi,31,"Milan, Italy"
wyd-196-ke92,oky Nincmjx,71,"Milan, Italy"
flu-058-by73,nzu Ningzlx,73,"San Jose, USA"
gsr-894-an59,lzp Baneqnv,82,"Madrid, Spain"
njx-465-mw03,hti Ninagvz,42,"Madrid, Spain"
emj-438-fe08,kjc Mciexj,72,"Paris, France"
nxh-031-aj06,ksh Banekdf,57,"Madrid, Spain"
unm-297-wk40,atf Eliplq,55,"San Jose, USA"
tvb-258-ad41,exg Dezxvk,38,"LA, USA"
xls-270-gn02,bfy Ninhfrt,37,"Paris, France"
ode-435-ev53,jya Fitzdkib,18,"Madrid, Spain"
fui-026-nk07,ldq Fitzymjz,66,"San Jose, USA"
uil-507-ua12,jkh Elaokr,69,"San Jose, USA"
otf-869-wy23,gqt Banqzla,53,"LA, USA"
yhi-854-ph48,xgw Ningwfi,84,"LA, USA"
uhi-058-sm29,mwt Elejoi,47,"San Jose, USA"
ivc-024-uw39,lcx Mchrix,63,"Milan, Italy"
hsz-952-jq43,ywr Banmtyv,85,"LA, USA"
nte-871-zb48,sfx Banbxyh,68,"Madrid, Spain"
cni-947-vw05,azs Ashvrdh,87,"LA, USA"
bvn-471-zc72,yxr Deycug,38,"Madrid, Spain"
mbz-839-zi85,yen Dejqxr,19,"Madrid, Spain"
lga-301-po29,tnw Fitzdvik,44,"Madrid, Spain"
ztp-413-ft47,rqh Deojas,22,"Milan, Italy"
lvw-451-sh75,rhn Ashangb,61,"San Jose, USA"
vno-714-ca39,pwh Banfuvz,19,"San Jose, USA"
fej-643-ab02,tsq Ninyusw,20,"Madrid, Spain"
dbv-928-fi72,vqw Delnje,32,"LA, USA"
sof-295-yj56,nmr Fitzsdia,81,"LA, USA"
hgr-789-xs24,awo Elngxu,71,"Milan, Italy"
olm-593-hc40,jsw Mcpkcx,71,"Madrid, Spain"
ctx-076-rs81,egt Ninmjok,77,"Paris, France"
hak-081-kx65,uby Ninvhjc,85,"LA, USA"
pqk-345-ct12,lkw Ashrymd,69,"Madrid, Spain"
tde-620-sa70,noh Banuath,52,"Madrid, Spain"
xdh-917-dr40,xdc Elbxmf,78,"Paris, France"
cmt-720-la85,nzs Ninnfsm,90,"San Jose, USA"
lof-618-aw74,ygd Mcslpx,62,"Milan, Italy"
jqo-528-jz19,rfk Ninuhmk,80,"Milan, Italy"
nmd-528-xh80,pvi Ashyzfe,65,"Madrid, Spain"
cfr-086-hy71,vxd Denrve,85,"San Jose, USA"
oyg-819-ai09,odn Fitzfcun,58,"LA, USA"
nvs-832-wt90,dzo Elsvep,90,"Paris, France"
bdr-976-us97,npr Ashwtiq,27,"Madrid, Spain"
gvo-453-jx93,dyk Banqalb,20,"Milan, Italy"
oah-439-tk96,itx Nincvuz,15,"LA, USA"
xtk-893-ke57,mvf Ashbvjt,42,"Milan, Italy"
tmf-483-tj52,psi Elzmkn,84,"San Jose, USA"
tsh-302-lw93,gfa Ninkupz,18,"Madrid, Spain"
vli-069-ow76,zqc Eluasj,86,"San Jose, USA"
dpq-013-vx79,oun Fitzfqzu,19,"San Jose, USA"
klt-483-gr26,jhn Ninycma,71,"Madrid, Spain"
vbg-205-re75,zks Banwmbc,75,"Milan, Italy"
yak-204-we50,ldh Ninxzml,29,"Milan, Italy"
peq-620-gn56,ybx Decxiz,75,"Madrid, Spain"
ebq-273-qs68,ude Fitzeqht,88,"San Jose, USA"
nrt-367-mq04,fac Fitzyvmi,25,"San Jose, USA"
aep-849-pk36,vxu Banzcyn,20,"Milan, Italy"
wts-806-ht47,aks Mcgxja,68,"LA, USA"
ior-978-nw71,iyj Derupf,74,"Madrid, Spain"
xpq-964-bn83,tfb Banaryh,39,"San Jose, USA"
rci-276-pc71,ckm Fitzrayl,63,"LA, USA"
bzg-849-rb01,lhw Ninetgx,84,"Paris, France"
eno-420-xf07,sid Mcgbyd,20,"San Jose, USA"
glj-296-nc73,abn Elyesh,59,"LA, USA"
mgk-549-ug69,akw Mcnsgx,49,"San Jose, USA"
xth-576-nh91,afz Fitzdctn,81,"Madrid, Spain"
rms-510-xi97,srg Fitzsoru,38,"LA, USA"
rvj-834-yx01,sjo Eleguw,86,"LA, USA"
cts-195-lb90,fus Deocke,28,"Paris, France"
nfu-435-cu96,esr Bancrju,57,"Madrid, Spain"
sot-194-wn64,gdj Banxiqg,49,"Paris, France"
tku-310-yx41,sdw Banxsyu,59,"Madrid, Spain"
etq-951-qz06,zog Ningwft,21,"Milan, Italy"
mlv-327-hf84,chl Mchnub,89,"Milan, Italy"
uwz-708-zk54,tec Banhwzr,48,"LA, USA"
erz-190-eb97,kto Elhaeo,72,"San Jose, USA"
pow-381-vo03,iou Ninmedh,60,"San Jose, USA"
kfg-032-ex90,wcj Mcxcgz,34,"LA, USA"
icb-029-ay38,ydg Banzuyn,64,"Milan, Italy"
njl-295-id37,jsn Deelrh,68,"Madrid, Spain"
sfc-208-fw73,hyi Banmvzy,16,"Paris, France"
qiy-956-ks30,rhe Mctxeu,34,"San Jose, USA"
jhx-672-id04,pta Elnlca,79,"San Jose, USA"
qsm-487-zc57,rco Ashmcfa,56,"Milan, Italy"
cpw-291-ta51,jyq Bangbri,32,"Milan, Italy"
zqv-067-jw42,vcz Nincawn,34,"Milan, Italy"
ucq-864-hy62,gsn Fitzhdjk,78,"Milan, Italy"
zvl-913-qr45,ced Banjsxq,33,"Paris, France"
oqa-362-yt93,nqb Fitzzlwj,53,"San Jose, USA"
qek-062-ty85,gts Banrqag,37,"Milan, Italy"
mlw-745-sm96,nhw Ashxswh,73,"Milan, Italy"
nqu-793-hr93,vei Mcgjcs,62,"LA, USA"
qtz-719-yz06,sjz Elkotb,18,"Madrid, Spain"
dmg-642-co42,lsd Banxcot,71,"Madrid, Spain"
lwc-147-if06,owp Fitzknft,43,"San Jose, USA"
yfb-024-mg07,sph Deowxg,73,"LA, USA"
dpv-043-xr83,goa Elwnyq,44,"Madrid, Spain"
cmr-198-eb20,jlh Baneytq,81,"Madrid, Spain"
gxk-257-vw98,abi Fitzywtp,43,"Madrid, Spain"
pmt-910-pt27,uop Mceylf,62,"Milan, Italy"
zen-057-au83,fuo Ninnfhs,15,"Milan, Italy"
xwj-478-pt42,ucj Bannxdp,61,"Milan, Italy"
fvr-940-so10,hof Dendzm,44,"San Jose, USA"
nvg-958-yq04,bfq Ninylgx,80,"Milan, Italy"
ems-834-rb94,xiy Banblaf,52,"LA, USA"
ioy-074-hw74,hep Dekjuw,70,"Madrid, Spain"
wav-265-rj85,fbo Fitzxtbv,74,"San Jose, USA"
yca-739-ds04,shv Ninwdgq,49,"Madrid, Spain"
wsu-098-ft48,pre Banxnce,75,"Paris, France"
lip-128-im59,zyn Banvlxi,19,"LA, USA"
wor-578-mf01,knw Ashbhsn,69,"Milan, Italy"
clt-792-us98,vge Banzrnk,59,"Milan, Italy"
wgs-576-kp21,nvw Mckhbj,73,"Paris, France"
ops-389-ei58,cib Fitzuhex,80,"Milan, Italy"
zeb-098-iv48,vmx Debval,38,"San Jose, USA"
icr-738-ho95,paf Bantjmd,20,"LA, USA"
pto-401-bf78,ric Ashnvfq,83,"LA, USA"
jwk-873-le21,qcs Fitzyxhn,20,"Paris, France"
gmv-724-ab53,nmx Delein,26,"Madrid, Spain"
fbq-406-hk49,zeg Denziv,46,"Milan, Italy"
omd-403-tb82,frk Mcxhrj,83,"Milan, Italy"
jyn-497-zp15,slg Bangqjf,44,"San Jose, USA"
hsj-689-or91,gky Delisc,87,"LA, USA"
hoy-148-nt53,xit Eleugd,42,"Milan, Italy"
ghi-865-bj64,efs Fitzjgkb,62,"Madrid, Spain"
uhf-159-hd27,yze Fitztiok,23,"Paris, France"
fws-267-yd38,egh Elfvki,81,"Milan, Italy"
ixv-064-aq71,qkr Ninybwq,62,"San Jose, USA"
bpl-054-oe85,icn Eljqre,25,"Paris, France"
kqp-381-il04,hzj Banabuq,26,"Milan, Italy"
wlx-853-cr54,eht Ashhbgx,51,"Paris, France"
fzt-102-sn16,rmg Fitzmgyf,19,"LA, USA"
cig-467-up56,bjs Deilso,54,"San Jose, USA"
tra-305-ye09,tki Elcrop,55,"Milan, Italy"
jvc-053-uo34,yia Fitzhnoa,50,"San Jose, USA"
gld-957-pq91,crb Elyepn,47,"LA, USA"
arf-089-rs79,cwr Mcpxky,78,"San Jose, USA"
ksy-370-gb50,ovq Dedjsy,54,"LA, USA"
zts-301-ts47,egi Fitzkvhm,79,"Milan, Italy"
dlp-613-wc21,rxt Fitzamsf,81,"Paris, France"
osp-247-to25,pgl Ashsgiq,49,"San Jose, USA"
kpn-346-qn38,hsd Ninegjr,86,"Milan, Italy"
qik-340-lm28,gxw Banreya,61,"LA, USA"
uzf-862-ad48,rlt Desgkm,41,"Madrid, Spain"
jnv-150-aw90,vfr Dehtqu,48,"San Jose, USA"
ctv-930-gd21,dxe Eljafp,39,"Madrid, Spain"
xlj-527-lf50,qdo Ninsfhd,66,"Milan, Italy"
jke-874-sy48,aoj Ashzfrq,54,"LA, USA"
lop-736-dx27,kbs Mcumdt,31,"LA, USA"
leu-972-io15,rhj Elsavb,42,"Madrid, Spain"
zsl-423-sc98,pzt Elkpdv,41,"Madrid, Spain"
ynx-371-dm84,sqr Fitzsbvq,28,"San Jose, USA"
gyl-735-cd91,byv Niniomw,81,"San Jose, USA"
fkc-956-ha30,edf Banomts,83,"Madrid, Spain"
maj-158-iz76,pbs Banvpfn,17,"Madrid, Spain"
yil-413-iv42,siw Bankbjp,20,"Paris, France"
ovc-140-ng92,xfb Fitzteil,83,"LA, USA"
ukr-403-le84,qby Bantzmh,32,"Madrid, Spain"
oha-926-wn24,iqx Ashqwpz,90,"Madrid, Spain"
htz-108-as62,ufi Fitzydlb,42,"Milan, Italy"
uqd-839-sy98,udn Elzpoq,74,"LA, USA"
hwk-683-bu61,swf Eldsil,48,"San Jose, USA"
fvw-694-ok72,tzn Banvfbj,32,"Madrid, Spain"
sqh-179-ca35,qmw Nincnta,29,"San Jose, USA"
gij-516-ro35,cnt Fitzlvnj,73,"Madrid, Spain"
gay-986-qv46,nlh Elybsl,29,"San Jose, USA"
nea-602-dw62,eiu Ninwhei,74,"Madrid, Spain"
upa-309-cw74,kiy Deptgs,76,"Milan, Italy"
hne-483-qr38,had Mcphgz,60,"San Jose, USA"
oyi-765-fd83,qpm Fitzncxu,53,"San Jose, USA"
per-827-ha36,xlr Mcgwlx,41,"San Jose, USA"
gba-241-hg40,cjm Derslz,24,"LA, USA"
gda-034-zv81,nzu Eljcfd,17,"San Jose, USA"
gkd-951-wk19,jsi Depmtc,86,"Madrid, Spain"
yve-310-yt09,muf Ashfbxj,88,"San Jose, USA"
ejq-167-sb10,sxu Ashkijg,26,"LA, USA"
ica-906-fd83,zwn Ashsygn,76,"Milan, Italy"
apj-563-wm90,vki Ninzcde,78,"LA, USA"
zgi-597-zl16,yih Ninwuzp,56,"Milan, Italy"
emx-329-jt03,mxn Dekbae,49,"Paris, France"
ngq-380-db15,wxh Ninctwm,34,"Milan, Italy"
xdn-352-ft91,rsa Ashxyhr,68,"Madrid, Spain"
nhr-120-ah21,bxu Ashmkuz,28,"San Jose, USA"
oxc-629-hn27,wln Mcfrvm,40,"Madrid, Spain"
erg-821-dm49,ogr Bansprt,45,"Paris, France"
xfr-689-hr13,dnp Banvpel,37,"Madrid, Spain"
fxn-402-ie06,fjs Banpwxv,24,"San Jose, USA"
hub-921-sx13,gjh Baniwzg,18,"San Jose, USA"
glf-068-sc56,jvh Mcxfet,74,"Madrid, Spain"
ksi-470-nu20,syp Deguix,87,"Madrid, Spain"
hrn-481-zu56,rkq Delaxz,71,"LA, USA"
ylh-398-hr71,urx Ninsyxd,46,"Paris, France"
jbc-842-us62,jtz Banxnsk,71,"Milan, Italy"
xnq-710-bi59,ngt Fitzhzqj,79,"Madrid, Spain"
zhp-964-es40,ktb Ashouda,68,"Madrid, Spain"
zto-409-oa74,glo Elkyna,75,"Madrid, Spain"
ohi-506-mj54,gar Demtga,78,"Milan, Italy"
igr-642-cw89,wti Ninmikw,32,"Madrid, Spain"
jao-958-bu81,xoc Ninjesc,88,"Paris, France"
sob-647-hn42,svo Ashqsve,49,"Paris, France"
hpy-623-nm51,fso Fitzheoz,15,"Milan, Italy"
ftn-364-il70,wza Ninmgyd,51,"Milan, Italy"
vjc-846-rp45,dya Banrmpo,79,"Paris, France"
ahl-684-ef70,kvu Deeyao,17,"Milan, Italy"
dmh-875-fg14,xde Elhaof,54,"Madrid, Spain"
mjq-142-go31,pws Ashwyqz,60,"Madrid, Spain"
spi-578-rk49,ihk Ninptbi,82,"Paris, France"
kjm-196-oj43,vmr Elprfk,43,"LA, USA"
