customer_id,full_nm,age,location,loyalty_points,gender,last_login_date
e58e071e-0508-4e3e-958b-71f986ea2dd6,Derek Campbell,48,"San Jose, California, USA",46,female,2020-07-15
30a0749c-1d67-4ce6-aa6a-152886db86eb,Margaret Perez,47,"Portland, Oregon, USA",100,male,2022-07-09
264a9db3-8660-4bbc-a436-5438a78d2999,Chris Burns,72,"Rio de Janeiro, Brazil",64,male,2020-10-09
6f9aa199-2964-4c26-af2d-510bb6fc79b1,Lisa Jones,74,"Madrid, Spain",94,male,2023-05-18
fad46f38-d913-4b0a-b225-29e42f728fbc,Melissa Mccoy,40,"Portland, Oregon, USA",71,male,2021-11-13
457b976c-b0d9-44bf-aac9-4fdf9f8bc50b,Edward Williams,51,"San Jose, California, USA",22,other,2023-01-12
c3308618-e011-4439-9b11-2db6acfde999,Allison Taylor,84,"Milan, Italy",31,female,2021-06-29
c68f95fa-bade-4c44-8da9-1f6b0bb1a9b6,Lindsay Stevens,30,"Salt Lake City, Utah, USA",11,other,2023-05-02
20c8a01a-2f85-4598-a578-fb041ff0f88f,David Hickman,60,"Paris, France",69,male,2021-10-31
0f73aa3f-9b83-43e1-ad58-78fd8942ecd1,Kathleen Wilson,88,"Milan, Italy",44,female,2020-10-04
e4d76dd5-ea1c-4425-8773-e5b95d2c38ab,Chad Flores,78,"KL, Malaysia",27,female,2022-01-29
31990243-88b9-457f-b778-3164d6efaeb5,Nancy Rodriguez,57,"LA, California, USA",68,other,2020-02-09
6857257d-3894-471c-940b-b7ed32fbf8d8,Dalton Miranda,64,"Paris, France",90,other,2023-09-14
1da054cd-b023-47bc-99ae-70ff811001af,Brandon Villarreal,78,"LA, California, USA",37,female,2021-07-26
57b3b4f6-1758-4f21-b450-b7cec3d46792,Rebecca Walker,76,"Paris, France",58,male,2021-04-25
ac137450-19f3-4219-a212-237279375be5,Dr. Robert Madden,77,"San Jose, California, USA",76,female,2022-05-04
e280e0d6-5810-4c01-9702-42f46764494a,Dawn Hill,73,"San Jose, California, USA",1,male,2020-09-22
3908eba1-9940-4e0e-ae46-f39682a8bf8e,Devon Hoover,63,"Portland, Oregon, USA",25,male,2023-05-28
9ac95ddb-1f9e-449d-818c-6ceca46d7ae5,Daniel Allen,20,"Madrid, Spain",55,female,2022-10-22
4afc2748-2593-4c02-b4ce-be38897149a1,Brittany Gonzalez,85,"Portland, Oregon, USA",21,male,2022-02-11
fd318422-7fda-4b1a-9445-d34e331f2c25,Michael Goodwin,38,"KL, Malaysia",37,male,2022-04-14
e522fdb5-6028-4247-a7d0-581fc4be5590,Timothy Huynh,52,"San Jose, California, USA",66,other,2020-06-10
e055ad0e-fdde-4b18-8bfe-905817d5717d,Lisa Sanders,15,"Madrid, Spain",48,female,2023-03-22
40b66374-857f-4973-a307-3323d1577906,Gina Landry,34,"Paris, France",24,female,2021-12-07
77736e8b-18dc-49d0-987f-c578a9ad8d5a,Elizabeth Johnson DVM,19,"San Jose, California, USA",2,male,2021-06-29
2d3606a2-8669-4ccf-aa6d-274c2ee2d151,Steven Sheppard,16,"San Jose, California, USA",39,male,2020-11-06
b93c76ab-b32a-4676-a390-c410e692922e,Samuel Allen,15,"Salt Lake City, Utah, USA",24,other,2021-04-09
05badaff-e55d-454b-b22b-cbfc5140ee02,Richard Thompson,86,"LA, California, USA",49,female,2023-01-18
ae83653b-393b-47d6-8ed2-3cf3f7e44249,Justin Garcia,55,"San Jose, California, USA",65,other,2022-03-28
b6659542-e33e-469d-bdb4-59b98d83c7ba,Rita Robles,73,"Milan, Italy",3,female,2021-09-25
bfe96abe-8617-4039-afe0-7d4ce34d753f,Kristen Hoffman,26,"Rio de Janeiro, Brazil",81,male,2023-10-26
b08263df-a1fe-4564-a8b0-d3325ca3b983,Eugene Warren,27,"Portland, Oregon, USA",94,other,2023-08-17
19836ef0-5f74-4778-b901-21b5fb49b681,Mary Vaughn,34,"LA, California, USA",25,other,2020-03-15
0c15df62-30d8-4839-8c55-dcea8f3f54a6,Jessica Hendricks,52,"San Jose, California, USA",96,female,2022-08-24
1547b62b-ff60-4903-bfb3-2881a55a0877,Amber White,79,"Milan, Italy",64,male,2023-10-04
5a1d8ddb-3f27-47e9-bdbe-502a6de1eef6,Nicole Ramos,72,"Portland, Oregon, USA",71,other,2020-05-03
6ca21411-0cb1-478c-b9bb-4c91ec1dce15,Joyce Lynch,51,"Madrid, Spain",95,male,2020-06-04
074478db-7f97-4bdd-9841-0931dbdd464e,Jason Craig,15,"Paris, France",28,other,2021-07-05
371529d1-f10e-468a-b0c1-488c21fcb4cd,Nancy Cox,21,"Milan, Italy",26,other,2022-01-27
193cd41d-ad96-456d-ae3e-6db663ae105a,Melissa Edwards,74,"Portland, Oregon, USA",44,male,2023-11-29
5ac33fc0-c4cc-4055-b319-c3f312412a65,Amy Parker,58,"Milan, Italy",12,female,2023-01-11
c59a17ad-c47b-43e9-87cf-76b0890ba279,Steven Taylor,40,"Milan, Italy",20,female,2021-03-13
bb712d24-6806-4651-a5f7-99260330265b,Michael Ward,90,"Rio de Janeiro, Brazil",97,male,2023-08-16
d173d825-a2bb-4a52-b307-bc2045180a41,Robin Ryan,86,"Salt Lake City, Utah, USA",42,female,2023-11-14
77bf7ce2-e67b-41d4-9b91-2d39e1a3ec74,Kevin Manning,19,"San Jose, California, USA",99,other,2021-07-05
7f03bda7-7889-4d94-9ff2-dcd435941356,Shelby Miller,75,"LA, California, USA",20,other,2021-02-28
be89e02f-bc69-437d-a2cd-588025f1d372,Justin Mcmillan,23,"KL, Malaysia",93,male,2023-12-02
8a0baea4-7477-460f-bf5b-9a96d950da5e,Linda Fisher,40,"Milan, Italy",67,male,2020-02-23
917f1ffc-d556-4661-9bf8-6e266d960196,Curtis Rodriguez,55,"LA, California, USA",82,male,2023-07-03
45a024de-8f39-4e31-9500-65706429d4f9,Alec Spears,27,"Salt Lake City, Utah, USA",10,other,2021-04-01
4554367e-96ec-42f7-b1fb-8435eb54046c,Ashley Thompson,47,"Paris, France",45,female,2023-01-04
1ef93a1d-bc27-4ac6-a161-f9af38fd9198,Patricia Edwards,44,"Madrid, Spain",8,female,2021-12-21
c611dc32-d0d1-445e-b10f-45a6ec9bf65b,Andre Evans,30,"San Jose, California, USA",62,female,2020-06-10
8336c231-5374-452d-884b-211e4d52fd37,Jorge Hill,29,"Milan, Italy",35,male,2020-05-07
036898f2-0385-4e6b-995f-83a2d23697e2,Louis Smith,58,"Paris, France",9,female,2020-07-18
1597ca4b-bdc0-462f-91d9-dfe4505fa876,William Barry,39,"Milan, Italy",72,other,2022-07-21
e31927f6-eee4-4c74-a4ff-56a326f7ca36,Eric Obrien,82,"Milan, Italy",76,female,2020-08-01
dffb8e43-2722-43c4-93f6-1b52cdcc40f2,Cody Banks,34,"LA, California, USA",44,female,2022-03-02
b65350f5-f5fb-4643-9ef0-87e46df3ad99,Vickie Ortiz,59,"Portland, Oregon, USA",29,male,2020-08-27
52f9add9-1f3a-463b-8c54-54e0299d66a8,Susan Mueller,83,"Salt Lake City, Utah, USA",93,female,2022-11-26
7096a238-2e52-4341-8701-7b6b0463e63e,Daniel Lucas,88,"Rio de Janeiro, Brazil",91,male,2020-01-17
94ceb7b3-153d-4c13-8177-1f25886e3d18,Ronald Stout,58,"LA, California, USA",91,other,2022-05-05
7f307f50-8ed6-4999-b925-51a15e1b44a9,Martin Weaver,27,"KL, Malaysia",66,other,2020-04-05
9074af4e-beb9-4d60-8c33-4ed3589eb986,Emily Hoffman,73,"San Jose, California, USA",19,male,2023-11-26
29d0d9a7-95a5-4b1c-a04c-04d095f3b762,Maria Murphy,35,"KL, Malaysia",40,female,2020-03-02
71185058-52c1-4a50-96cf-93b474a6d897,Nicholas Mcdaniel,59,"LA, California, USA",35,male,2024-01-24
b900589c-a0e1-4592-94f1-7ff8518fca58,Michael Lowe,59,"KL, Malaysia",78,female,2020-10-19
3214e43a-3741-4872-b2a2-6ab960867cfb,Philip Reyes,58,"San Jose, California, USA",89,other,2022-05-22
36a4ff52-d3ae-4338-b290-5fa410c1f744,Mary Miller,48,"Portland, Oregon, USA",33,other,2021-05-06
04c36564-a076-487c-95e4-2b366532ee52,Larry Cortez,44,"Milan, Italy",65,male,2024-01-11
44663e5c-9e71-4916-ad3f-cee36d1eea9d,Ryan Wilson,38,"Milan, Italy",17,male,2022-07-11
e2a5c59a-00b0-429d-aaf4-9c3c411b04eb,Elijah Simpson,89,"Portland, Oregon, USA",71,other,2024-03-01
7aa325be-235f-44b5-a37f-83e15eaafa44,Nicholas Horne,86,"Portland, Oregon, USA",80,other,2023-03-23
e8282f83-558c-4050-8d34-353c2d19ff90,Tina Bell,55,"Madrid, Spain",23,female,2021-09-12
5b707f30-963c-4ae4-8879-c6b254b9ea51,Jason Green,90,"KL, Malaysia",69,other,2022-04-27
e4399fc3-688f-44ac-95c9-ef16a11bcc1d,Keith Perry,83,"Madrid, Spain",5,female,2021-04-24
407e0788-2aff-47e7-ac04-a4173f29f812,Melissa Clark,46,"Milan, Italy",33,male,2020-12-10
53ddee0a-bc29-4eb8-8fc7-b3242b4b0ca6,Anna Parrish,20,"KL, Malaysia",37,female,2022-02-25
4cc150d1-f9a0-4492-b315-3114a1b225f7,Brandon Copeland,22,"Madrid, Spain",35,male,2020-01-04
3eff763f-2576-4017-a7be-927d79cb2206,Nicole Freeman,24,"KL, Malaysia",97,female,2021-01-12
d89f56bc-5d17-45a3-9fe3-c828a4984206,David Hernandez,37,"Madrid, Spain",91,male,2024-03-17
fcd7eb05-c97c-4c16-89dd-18719a0c8c00,Danielle Bennett,31,"Salt Lake City, Utah, USA",88,male,2020-02-04
22142225-8aa4-4f68-bab2-6ea96e705680,Gregg Benson,71,"Milan, Italy",56,male,2020-05-10
deb9a4d2-e273-4888-8430-8ff289bf017c,Anne Vang,21,"San Jose, California, USA",48,male,2022-08-08
730fd253-e9bc-4777-acbd-fbe046972d7f,John Jones,55,"Rio de Janeiro, Brazil",14,female,2021-01-21
eb12ca21-b0a5-4f74-bfdd-76e30739a1a3,Mark Campos,66,"Milan, Italy",55,other,2022-05-25
dc2d859c-7015-4999-94d3-59531712fb3b,Jaclyn Mahoney,73,"San Jose, California, USA",69,male,2021-12-04
87d8a5bc-0913-48e4-ae00-deb7a0f9a237,Misty Smith,56,"Madrid, Spain",41,male,2024-03-10
2d22a332-c02e-4b0a-8529-824ed1ece1b5,Paula Bright,39,"Portland, Oregon, USA",80,other,2023-05-01
cf4c84a4-16f3-4ed7-905a-a8cb4c2f7333,Joseph Lee,57,"LA, California, USA",89,male,2022-12-15
f21c429d-7f31-47fd-aca6-0cb9820d762f,Margaret Alexander,35,"Salt Lake City, Utah, USA",71,male,2020-08-01
df950f6f-57b4-4522-b75f-89d13a872bc3,Alexander Bates,78,"Salt Lake City, Utah, USA",82,other,2023-04-08
9b302a49-377b-48c3-b132-3e88ee17a244,John Washington,22,"Paris, France",55,other,2021-11-08
9b915e73-360e-4533-95dc-e12a04ff795a,Carolyn Lopez,37,"Milan, Italy",54,female,2023-06-16
cc0c89b1-ac7d-4d37-bfd4-6d6a0adfaffc,Daniel Huynh,32,"LA, California, USA",18,female,2022-05-06
1927c140-e78e-444b-8392-795e00c3f453,Terry Dickerson,24,"KL, Malaysia",82,male,2022-12-09
d81d4539-fda9-43b4-9883-8630811b6c5b,Tina Brown,57,"Portland, Oregon, USA",65,male,2023-08-03
7aea2edf-bf6f-4ba1-b6d4-61a7639fe266,Joel Goodman,74,"Paris, France",84,male,2024-03-04
18316aa7-4a05-417d-a95a-1ad518b4b290,John Mcgee,45,"KL, Malaysia",48,female,2021-12-09
a0b81f7c-944d-4fa9-b127-cf0fce9e38c5,Alisha Collins,55,"KL, Malaysia",39,female,2022-10-30
84e4cab6-2e5f-49b8-bf84-30cf0fcb0a67,Richard Lynch,89,"Rio de Janeiro, Brazil",37,other,2024-01-31
8ad248b6-aeae-4515-a558-9c68d20f9b85,Stephanie Phillips,56,"KL, Malaysia",29,other,2023-01-24
a6f69b2b-0499-449c-8761-b732ec9bbe04,Terri Chavez,61,"San Jose, California, USA",46,male,2023-11-29
67fc5e30-e291-48d6-9143-675fa5ef31d9,Robert Massey,56,"Salt Lake City, Utah, USA",81,other,2023-05-25
86b81b00-4f85-4a54-a1e3-b6d26414b024,Dr. Timothy Harrison,70,"KL, Malaysia",28,female,2021-10-25
aa395463-6f0b-4a79-bb9d-149d8788d374,Randy Travis,68,"Rio de Janeiro, Brazil",61,female,2023-03-22
75cfc3d1-0694-4fd7-a32e-ff1cf7827c9c,Christine Flores,62,"San Jose, California, USA",84,male,2020-11-25
c76cafb4-5ecc-4deb-bf6f-c90f26b0b027,Christopher Howe,35,"San Jose, California, USA",65,other,2023-01-04
f9cab4a6-28c1-47da-8b51-6b80f33f81c0,Ronald Dunn,41,"Rio de Janeiro, Brazil",92,other,2022-06-04
05f3f12c-c969-4f33-97b6-ec9a2ee6d16f,Elizabeth Foley,41,"Paris, France",49,other,2021-04-11
5e43c646-7198-44fc-b10c-80bc2d313da8,Briana Valencia,63,"Portland, Oregon, USA",90,female,2022-11-20
aca4eb8b-9b25-4a92-bd03-33ccef699a73,Raven Cummings,64,"Salt Lake City, Utah, USA",30,other,2023-01-03
c10f1e26-5082-44c4-8dd3-a4f9ce9cbcbc,Emily Martin,18,"San Jose, California, USA",58,female,2022-01-13
f10033bb-3af5-4753-abdc-3882f53d83b9,Daniel Brooks,61,"San Jose, California, USA",83,female,2022-11-21
9a7b7311-9885-4aea-a4f3-5964fa8fa4c6,Jacob Mullen,44,"KL, Malaysia",10,female,2020-12-09
0c36e5e2-5f63-4e24-bfcc-e04f66a2d238,Cynthia Hancock,19,"KL, Malaysia",14,male,2021-12-14
56cd7720-7e82-49d2-b790-7b03ffbdafa1,Deanna Stewart,39,"Madrid, Spain",33,other,2020-04-26
d0aeaa97-25e4-4cfa-9c72-b02a1cf5871f,Christy Jensen,87,"Salt Lake City, Utah, USA",34,other,2021-07-11
67181862-2739-406b-9a8e-da2b70aae7e4,Pamela Riley,47,"San Jose, California, USA",51,male,2020-09-20
936ff3f6-ae1b-447c-bcf5-167c57d44380,Kenneth Jensen,27,"Milan, Italy",61,male,2021-09-08
18546ed4-1f88-49ed-b82c-a7ea35c2aa7c,Patricia Mcdaniel,85,"Rio de Janeiro, Brazil",22,male,2024-02-07
ec1237c9-d2aa-4ec0-994d-06fd973de252,Miranda Gray,21,"Paris, France",35,female,2020-09-12
39fc226c-d84f-4a4a-82ad-e4c107385742,Kimberly Taylor,81,"LA, California, USA",13,other,2021-12-03
4fb8a7f0-9066-4823-9be4-7eeba71cf262,Jeffrey Baker,83,"Portland, Oregon, USA",6,female,2021-01-20
c4b86e89-a23f-41f8-b5ef-ed49546643fd,Jason Reynolds,18,"San Jose, California, USA",93,male,2020-08-04
f6cc350e-905b-4618-83c4-143d2c708764,James Cruz,62,"Portland, Oregon, USA",23,female,2022-01-06
b51cc260-4eb7-42cf-9deb-cf7fc27faf84,Kimberly Tucker,64,"Portland, Oregon, USA",5,male,2021-04-24
43edaa55-496d-432c-8c7f-dcc7589c9686,Mr. Jake Orr,19,"Rio de Janeiro, Brazil",86,male,2023-08-01
57f3d373-2538-4cf7-ae32-b95148ccb7d9,Robert Fernandez,31,"Salt Lake City, Utah, USA",45,female,2022-01-12
c3a28665-01ec-4f85-a02c-712c03d064dc,Joshua Stevens,74,"Salt Lake City, Utah, USA",40,other,2023-07-19
1cea8cc0-723e-47ab-833a-ffb9fad1e992,Cynthia Clark,25,"Paris, France",30,female,2022-10-23
7f89b2b2-bee1-4eb4-aa61-5198c3037f08,Justin Wiggins,36,"Milan, Italy",55,other,2020-08-16
9d43d358-2d0a-475b-80a6-b1a8ca1c0fd8,John Atkins,15,"Portland, Oregon, USA",43,female,2023-10-26
d71e283b-3d75-49d4-b681-49bad8c1c892,Kelsey Green,73,"Salt Lake City, Utah, USA",82,female,2022-03-10
fcd0cea4-72af-4388-8ccc-228fba3834d9,Julia Lopez,79,"Rio de Janeiro, Brazil",32,female,2021-12-31
b8608e5c-488d-45c0-b099-89f939b99351,John Odom,23,"Portland, Oregon, USA",58,other,2020-05-13
9e22a277-2718-4c31-8bb4-c46bd0a86118,Andrew Johnson,70,"Madrid, Spain",30,male,2022-04-06
139857c7-af89-4807-80aa-224b782c7ee8,Jennifer Bryant,59,"Madrid, Spain",25,female,2022-02-16
be1a867a-aea5-46f5-8659-c57ffab4d931,Elizabeth Fuentes,15,"Madrid, Spain",69,other,2020-06-27
b7f8f1cf-8dc8-43e5-b764-7698f70e1a4f,James Molina,89,"KL, Malaysia",35,male,2023-01-09
4aa17f90-5a01-4f09-ba77-a25023c0edd7,Melissa Scott,23,"Milan, Italy",90,male,2024-02-17
47cce6f6-f3a4-4c35-a34e-07660b826eba,Kyle Buchanan,20,"Madrid, Spain",63,female,2021-09-14
75fff25a-27e6-45bd-9d10-0ed1f0f653da,Adam Torres,61,"KL, Malaysia",44,other,2022-08-14
41865459-2331-4c6c-8398-1a29c3a750c2,Amy Jones,15,"Madrid, Spain",87,other,2022-07-11
e42a2f28-ad32-4947-b247-9ec363272a8e,Jade Gutierrez,37,"Milan, Italy",29,female,2020-02-27
68c24916-7cfd-4013-a96e-3d90d1ff260a,Rose Mullins,31,"Milan, Italy",27,other,2023-06-15
af206a57-94aa-4591-9e28-5f1a8d87be42,David Jackson,83,"Madrid, Spain",14,male,2021-03-14
4540d095-ba40-4c3c-9773-047546b19444,James Greene MD,43,"Milan, Italy",77,male,2021-09-18
a212dfb2-3299-4da2-b11b-28c641ebeccd,Charles Williams,54,"Milan, Italy",96,male,2023-10-21
f3acd220-bf9f-4eec-8cee-f521e393274d,Stephanie Levy,78,"Salt Lake City, Utah, USA",10,female,2022-08-13
4f54fd89-b67f-4742-a17f-9dbdd4c90f85,Alisha Nelson,58,"Rio de Janeiro, Brazil",24,male,2020-03-26
809850dc-6256-46f8-93bc-c74dd0782066,David Campos,56,"Rio de Janeiro, Brazil",12,other,2020-10-06
743c81ed-303e-413c-917c-c3747151ab0d,Isabella Hughes,58,"Milan, Italy",46,female,2020-10-25
98034efb-3732-4704-b3f2-f9a76e7a32cc,Melissa Evans,71,"Madrid, Spain",11,male,2023-05-18
fadd0e0b-aace-4ff9-8add-e35a034b4c85,Jessica Smith,41,"Salt Lake City, Utah, USA",45,male,2020-06-20
450388da-88f5-4085-9ecc-3d3f8a4f8fdc,Krista Walter,50,"LA, California, USA",66,female,2022-11-20
f21dd9c4-5931-4165-bd78-34ee47a4bedd,Anna May,31,"Rio de Janeiro, Brazil",64,female,2023-03-19
98551d42-8341-46be-b792-b4560f878d56,Lori Allen,15,"Paris, France",44,male,2022-11-23
42deb7fd-f7d7-4fdb-ab5d-9cd7efc2d92e,Michelle Smith,76,"KL, Malaysia",30,female,2020-09-26
a7024af4-588c-44cd-99a3-36dc408ec68f,Keith Reed,30,"LA, California, USA",77,female,2020-11-12
952d8fb3-3dcd-4d17-b047-4a0aa323606f,Andrea Martinez,61,"Rio de Janeiro, Brazil",65,male,2022-02-14
5e6bee1e-ba24-4d90-9496-ad31e46ab306,Dr. Melissa Williams,73,"Madrid, Spain",41,male,2021-02-05
00b04b1b-9af2-4e43-8163-1e9cb306d3da,Gregory Crosby,55,"Salt Lake City, Utah, USA",82,male,2020-07-17
4fab7d91-9a4b-4de7-a0db-ece4d0c19ae7,Roy Mclean,19,"San Jose, California, USA",99,male,2020-12-13
9304a3b7-9dc3-420f-b38e-1a98b7c529f2,Matthew Carpenter,65,"KL, Malaysia",49,other,2022-10-14
65f5a54e-0ff5-4e03-9ec1-563572d2203e,Jennifer Fuentes,31,"LA, California, USA",100,other,2020-12-23
2b4eac52-9da3-4aa8-9198-157c006aca19,Adam Bryan,40,"Portland, Oregon, USA",100,male,2023-12-06
883d1ca8-14ef-4e17-8cc2-e06283a0f8d4,Andrea Murray,34,"San Jose, California, USA",46,male,2023-01-24
6a593f24-7275-4620-82cd-e35e9efbe61d,Mark Jones,81,"Madrid, Spain",37,other,2020-01-05
2ef9df8b-6c62-4d2f-a486-962451d97d43,Mary Gonzalez,60,"San Jose, California, USA",35,male,2023-09-21
ca9c8b65-7746-4e27-8f7f-5f709059f0da,Julia Lyons,40,"San Jose, California, USA",10,male,2020-04-29
5c356260-43fc-456a-9dd7-f9485a905b1b,Tiffany Turner,77,"LA, California, USA",83,other,2020-07-16
a28b71e1-d4bb-4475-acee-0533ad6d113a,Eric Johnson,54,"LA, California, USA",99,other,2023-08-13
854dcbaf-ae89-4248-b200-72c4cd1b7516,Martin Bright,78,"Milan, Italy",52,other,2023-02-05
e5966c91-90ac-440c-b0ed-2f1391d2b28f,Edgar Mann,58,"Paris, France",3,other,2020-05-28
e0cf2fbf-ab1c-4050-becc-c47ddb001fd7,Mrs. Patricia Fisher,18,"Paris, France",15,female,2023-07-13
a55e1f93-0775-4698-82b3-78940b8bec44,Lisa Davis,75,"Madrid, Spain",88,male,2022-10-17
f8a8ec40-8d9e-43e0-a46a-b51b04a00033,David Gonzalez,50,"KL, Malaysia",28,female,2020-04-17
96980ca3-ee70-41c8-98e9-1f52f10ee750,Christopher Hooper,62,"Portland, Oregon, USA",63,female,2023-01-15
21d48c83-9e9d-45f2-85aa-fbdc603ea2d8,Terry Alexander,85,"Salt Lake City, Utah, USA",86,male,2021-06-02
e29c3463-1f79-44d6-b7cd-ea2596a18b36,Sharon Mcclure,63,"Milan, Italy",4,female,2021-02-05
35fa9e8a-defa-4c92-9396-b52c005532a6,Mariah Spencer,59,"KL, Malaysia",62,other,2023-02-27
8570da38-c278-4202-bfb2-0023fb9d3bb6,Daniel West,63,"Salt Lake City, Utah, USA",54,female,2024-02-02
0225adc8-ddc3-4eb1-8072-dcfff3c3e102,Rachael Garcia,60,"LA, California, USA",35,other,2022-08-06
e29c2588-5925-4589-bce4-7b1d41accf25,Mrs. Sara Levy,56,"Madrid, Spain",77,male,2023-08-19
9d21a712-4960-4842-907e-abb15d8b1b89,Dr. Timothy Clark,36,"KL, Malaysia",42,other,2022-08-15
59a4d362-0756-4d32-b403-5e28b375acab,Tina Cooper,70,"Madrid, Spain",92,female,2022-06-29
8138e670-2c32-48d6-8ba3-74c5e2d30511,Haley Brown,24,"KL, Malaysia",90,male,2020-11-14
b8db4c59-d454-47f1-9b97-395ff3ad40e8,George Ritter,23,"KL, Malaysia",78,male,2023-01-31
ba217117-1aa5-4eaa-a15c-ead7aac9c8b9,Kimberly Boyd,38,"Portland, Oregon, USA",20,other,2020-08-20
1aa6e8b9-8537-4abe-95e8-1824fe2e9928,Nicholas Henderson,79,"Portland, Oregon, USA",72,female,2020-08-19
0c2e55d1-3d02-4f3b-8fd0-cb2c5f1cfc27,Yvonne Boyd,35,"Portland, Oregon, USA",14,other,2023-05-11
b7022028-be18-43e7-8cd2-c9c33ba544a8,Alexandra Parker,57,"Madrid, Spain",68,other,2021-08-18
ee6b4c19-5317-41eb-ac89-f178e605551e,Albert Hart,87,"Rio de Janeiro, Brazil",68,other,2022-08-17
f7d7b236-d1ce-434e-bbb9-2302113440f2,Cheryl Simmons,85,"LA, California, USA",71,male,2021-02-19
29f7bd09-d565-47c3-aee0-df6063ffc254,Christopher Gardner,85,"Paris, France",59,other,2020-10-25
060671fe-814b-473b-80b6-847c6bcb3943,Michael Dixon,56,"KL, Malaysia",81,female,2022-10-18
09409575-44ab-417b-b633-f2c8144cc66a,Brandon Lindsey,31,"Paris, France",9,female,2023-02-27
1b1bd484-ac2a-452b-9acc-f5dda43fbc62,John Porter,80,"Milan, Italy",23,female,2021-06-19
adf67287-55a8-42d4-83c7-099d7a9f02d7,Jessica Harper,22,"LA, California, USA",9,male,2022-06-20
a6f0b16c-93d9-4990-9b99-c83cca08dc23,William Hicks,68,"Rio de Janeiro, Brazil",79,other,2021-11-05
72ff79a2-53dc-4c94-a70a-667b6d722ff4,Stephen Scott,65,"Salt Lake City, Utah, USA",39,male,2021-02-05
bfc5b9a4-e3ea-41e6-b2c7-ed568ba7c29f,Wesley Welch,61,"Paris, France",33,other,2022-11-21
94d387a7-ac47-42e2-8383-e2f0c8d90619,Nathan Tate,57,"Portland, Oregon, USA",2,female,2021-09-15
5242e35e-a31e-4ccb-a089-2e41f8ca925d,David Barker,18,"Salt Lake City, Utah, USA",87,male,2020-06-08
98ae4e1c-df48-4ebf-a8fc-69eb1cca2df0,Traci Williams,19,"Portland, Oregon, USA",60,other,2022-04-14
82feb17a-4306-4cc2-a304-853f0a6ef2dd,Andrea Foster,35,"Salt Lake City, Utah, USA",71,female,2021-07-19
0a57fdce-2443-48f2-9cd8-c86340835c4d,David Valdez,30,"LA, California, USA",28,female,2021-08-24
78a64187-8d13-4be3-8618-748b2d5e9c47,Renee Vang,35,"San Jose, California, USA",64,female,2020-02-18
ce516f34-cfc4-4fbe-ae60-69ab6746d920,Sara Collins,41,"Madrid, Spain",80,female,2023-08-08
2801b052-a9db-48b5-b0b0-7c1037e87e96,Daniel Dawson,20,"Salt Lake City, Utah, USA",93,other,2021-11-19
912ec5f2-4e0a-4b66-aaae-f0603136c794,Jamie Long PhD,63,"Paris, France",8,female,2023-03-30
a025a0e9-a137-4700-a7cc-b1ea8736c2e2,Christopher Higgins,26,"Paris, France",10,male,2023-10-18
6da0d638-c554-4990-9f4e-d8946427e211,Ashley Page,39,"LA, California, USA",95,female,2023-10-27
69a95b19-0a20-4309-92ba-ed717ef95c34,William Gutierrez,39,"Rio de Janeiro, Brazil",74,other,2022-04-25
4da6e77d-6d41-43af-ab74-0c1f75f4ceab,Amanda Cox,80,"Madrid, Spain",27,male,2021-04-26
6dc06a77-522d-4b56-accc-f2f517c6456b,Michele Hall,22,"LA, California, USA",85,female,2021-02-20
d135e8aa-4329-487f-984e-16a894201e28,Bradley Brown,66,"KL, Malaysia",20,female,2023-07-02
7e1f0aaa-040f-46c8-b8b8-844b8a6c32b0,Mary Vaughn,72,"Portland, Oregon, USA",67,other,2023-03-06
91406db7-b85c-4a76-8a3b-cc268b3e8964,Debbie Flores,47,"Salt Lake City, Utah, USA",67,other,2023-04-27
e8707083-c64a-4ab2-b1f2-a0f95e3ac21d,Johnny Moran,15,"San Jose, California, USA",45,other,2020-07-31
03eefa98-ce39-43a9-95f2-d61596311fac,Anthony Johnston DDS,79,"Portland, Oregon, USA",81,female,2023-11-27
e3863a65-fda8-4c05-8ac6-782349b74a2d,Jennifer Delgado,80,"Rio de Janeiro, Brazil",20,male,2020-02-12
b90eefc9-a6d3-4394-9856-68b4a82371b0,Stephanie Rios,42,"Salt Lake City, Utah, USA",92,male,2020-06-05
1a5b1e6b-1800-44c9-b9c6-e24f303cfe57,Jaime Dixon,22,"Milan, Italy",1,male,2021-06-09
dcdb7b49-ca3a-437e-9cbf-c4d1910499bf,Terry Macdonald Jr.,41,"Milan, Italy",35,other,2022-01-06
af35a112-b389-40fc-9913-83b882d1ce59,Bob Oconnor,70,"Madrid, Spain",97,male,2023-08-17
acd85c40-2176-4762-baac-315d89d1bf3c,James Ryan,87,"San Jose, California, USA",62,male,2020-06-27
c5028bfd-deea-415e-8453-22a47fc64d45,Jesus Watson,81,"Portland, Oregon, USA",3,female,2023-10-21
b323f234-237f-442c-9005-5b23b6621ebe,Thomas Hudson,80,"Portland, Oregon, USA",59,female,2020-05-19
36964704-d346-408c-9c8c-6ef23436ea38,Andrew Hunt,39,"Paris, France",100,female,2020-08-19
d0bf1c0e-1425-4e56-acfd-28efcd82513e,Tracy Jackson,75,"Rio de Janeiro, Brazil",5,female,2023-02-26
91ab8565-03b8-4fc0-a475-40ddd61d7744,Roger Wood,50,"KL, Malaysia",3,male,2020-10-06
3a44b008-9f20-48f2-bb66-e64e458995d2,Caroline Harris,72,"Salt Lake City, Utah, USA",55,other,2021-01-14
76502fb8-9101-46b6-89e9-430e44ba4662,Maria Berger,35,"San Jose, California, USA",92,female,2023-10-07
a2691949-79d1-4f2f-ac8e-5dc93d31674c,Jessica Ruiz,53,"Rio de Janeiro, Brazil",3,male,2022-04-03
cbe44a29-3307-4321-a972-47eca70c8348,Kyle Lee,44,"San Jose, California, USA",26,other,2024-01-08
f6172bd7-49b4-4394-8571-de466fa5d0c7,Natalie Cummings,62,"Madrid, Spain",31,male,2022-06-14
6b2e37bc-650c-46ef-aa59-44ee491343b2,Sean Rosales,80,"LA, California, USA",87,other,2023-03-24
5f7e42df-76bd-4ae8-a6ae-82e9561f3dd3,Jeanne Garner,20,"Paris, France",51,female,2020-10-22
33dbde64-84ef-428e-b3bf-43c8ced484da,Brenda Cardenas,64,"Paris, France",4,other,2020-05-29
d3a9669a-ba83-4dbc-a404-2d8a9ac18b25,Austin Lawson,44,"Madrid, Spain",81,male,2020-05-15
cc67990b-93c5-40b1-8bbf-1cfc2612ffcc,Mrs. Sarah Franklin,27,"Portland, Oregon, USA",68,female,2023-06-13
31fc845d-bd8f-4e16-991d-d7b48aeb58a7,Charles Smith,85,"San Jose, California, USA",51,other,2022-04-29
235e1f78-3e9d-4d25-81ed-a077e6abfd5f,Craig Wood,69,"Madrid, Spain",21,male,2023-04-26
47e11ff3-526e-4f9e-b447-2d22d10c4529,Jessica Smith,58,"KL, Malaysia",69,female,2020-11-02
1f000ec6-1c5f-4cdd-9479-4f28f3365e92,Lisa Palmer,33,"Rio de Janeiro, Brazil",33,other,2021-10-11
63db0b7c-2a2c-4bc1-943b-f8815c0e20e1,Pamela Jimenez,23,"Salt Lake City, Utah, USA",72,male,2020-08-17
4a725826-5ac6-4c1b-b8a0-662d8ffb7324,Adam Lamb,49,"KL, Malaysia",67,male,2020-03-18
51f2911b-a2e7-4ee7-8bcf-6f06b74ed5b6,James Martinez,66,"Madrid, Spain",99,male,2023-05-16
3ba05e96-0834-455f-8b74-4ab359424653,Gregory Yang,35,"Portland, Oregon, USA",53,male,2023-01-12
f9434974-190e-4d53-8c83-394e81e71c0f,Renee Krueger,15,"Madrid, Spain",100,male,2021-11-29
78c4671b-7c09-4a86-a6b3-aa1f8634cb13,Tara Stevens,59,"San Jose, California, USA",47,female,2021-03-31
1a4811b9-edb2-4879-91a5-047afce53365,Tamara Owens,53,"Salt Lake City, Utah, USA",47,other,2021-10-23
3c88bfa1-9a8f-4c9c-b249-314606d7aded,Richard Guerra,58,"Milan, Italy",54,female,2020-02-14
aecf7694-096f-45b6-a74b-d9fbe04f6fce,Robert Ellis,69,"Milan, Italy",59,other,2020-10-27
7788a71d-07ee-4ba0-9589-2501c27a1dd4,Laurie Duran,73,"San Jose, California, USA",30,other,2021-01-23
9460f4d8-00d8-4871-bbe5-a1d20fb15a6d,Bruce Black,65,"Rio de Janeiro, Brazil",50,female,2023-11-10
ff4316ac-60dd-4399-b475-336a332dce26,Sarah Doyle,76,"LA, California, USA",84,other,2021-09-12
f5b89cfa-dd8f-4709-a9e6-e7a317d1486d,Rachel Jones,43,"LA, California, USA",60,male,2023-06-23
a7d4a432-b0e2-455d-802c-83fe59540a46,Jessica Richardson,45,"LA, California, USA",38,female,2020-08-13
f446bf31-7770-4298-bcec-997e2e4cb352,Howard Martin,45,"LA, California, USA",55,male,2021-10-22
88553923-b5d4-4763-870a-b9716bc9ae8a,Heather Cole,87,"Madrid, Spain",95,other,2022-07-12
58d25de5-d1d7-4ff8-b282-4307a8c5c885,William Kaiser,75,"Salt Lake City, Utah, USA",45,female,2022-02-22
688c38dd-81ae-43bb-b6c8-d613fb462018,Tammy Jensen,33,"KL, Malaysia",83,other,2022-11-18
9126ff24-99d0-41c5-919b-8f567ee19ed2,Anita Mendoza,64,"Salt Lake City, Utah, USA",86,male,2021-02-27
21119393-067b-4aa9-8980-3346475b66c9,Jacqueline Nunez,68,"Madrid, Spain",47,male,2023-11-19
b2c9836f-cd75-4c4d-9030-9ea387a8f931,Daniel Adams,41,"Rio de Janeiro, Brazil",11,male,2023-01-10
dddb1442-3693-47c7-aafa-c080000058f0,Joshua Torres,44,"Milan, Italy",68,female,2021-07-31
47ba6b69-83c6-494f-ac26-dce44280949a,Kelly Lindsey,61,"KL, Malaysia",57,male,2022-03-20
73532e50-00fd-4fe4-97d1-f4711985581a,Matthew Clark,32,"LA, California, USA",5,other,2023-02-23
64d58986-a4c8-4843-a557-9c465b730531,Stephanie Kelley,17,"KL, Malaysia",12,other,2021-07-04
bc8c1f38-0290-47d1-abf7-4547690f75c9,Aaron Vazquez,87,"Salt Lake City, Utah, USA",63,other,2021-12-07
d5db0f1b-903a-4a1e-a51a-4511c2da7e50,Douglas Mccarthy,35,"Milan, Italy",43,other,2021-11-23
c7e9a41f-1f4f-4083-898e-d17f0df24918,Sheila Shaw,42,"Portland, Oregon, USA",4,male,2023-02-15
091f4b1d-66c8-412b-bb8d-689058dc2242,Samuel Rodriguez,52,"LA, California, USA",43,male,2022-08-23
f399a884-6f0d-46f7-92e4-a9096276e6e1,Rachel Hernandez,35,"Salt Lake City, Utah, USA",48,female,2020-08-04
4d3e4691-624c-4fd4-899d-72e8112e32f5,Timothy Nixon,32,"Milan, Italy",26,female,2023-07-19
6862e940-3ef9-43cb-98a4-672a20bef0f2,William Sweeney,38,"Rio de Janeiro, Brazil",3,other,2023-08-10
41e3c2a8-8e47-46e1-a3ab-ed517f82fb36,Sharon Mckee,69,"Rio de Janeiro, Brazil",72,other,2021-01-14
550cbd24-8809-4522-b214-f109b71955e9,Joshua Young,90,"Salt Lake City, Utah, USA",60,other,2021-11-29
29d03765-0f96-4dad-9e10-744334b426c9,Isabel Gross,18,"LA, California, USA",96,other,2022-06-16
b250cb89-585f-4baa-9789-63d9ed760731,Tammy Gordon,74,"Portland, Oregon, USA",15,female,2020-01-09
47ee08c2-cf88-4757-82a9-0becf789120f,Dr. Molly White,25,"San Jose, California, USA",79,other,2020-02-10
d18ecce2-cc99-44a2-9ade-3fc5f2834116,Timothy Rice,22,"KL, Malaysia",30,female,2022-05-05
fa3bd0d9-79f3-48d3-95c0-09cd6a98bb53,Michael Hopkins,22,"Madrid, Spain",78,other,2024-01-21
d628d5d6-981f-4bba-b87c-11a52eab4254,Nathan Harris,45,"Madrid, Spain",6,female,2023-09-07
17afb1a8-318b-4d16-b81d-c58c42f49f24,Adrian Jefferson,77,"Rio de Janeiro, Brazil",72,male,2023-06-26
e74b1a3c-2741-4631-a447-ddaa8ec6317b,Michael Hardin,22,"Portland, Oregon, USA",69,other,2024-01-07
adaea6dd-84c5-4976-9980-20c533219849,Kyle Smith,52,"Rio de Janeiro, Brazil",42,male,2021-02-02
a2b33ecd-7d65-4f5f-afef-c59830dd70f7,Kevin Kelly,52,"Milan, Italy",86,male,2023-06-12
9eefbf5b-95e3-4fc8-be38-aba61ae79562,William Boyd,73,"Paris, France",54,male,2020-10-06
2967e398-e735-47c2-bd1f-0d611f8f5745,James Curtis,17,"Milan, Italy",60,other,2022-03-14
34a20c66-c012-4b5e-9419-7a614315e5ad,Christine Ford,73,"Salt Lake City, Utah, USA",9,female,2023-09-23
3f363b2d-a3d1-4dd5-bded-5a7f97f8a5d1,Timothy Brock,57,"Salt Lake City, Utah, USA",13,other,2022-09-13
9f83f359-a9c0-4416-b655-94c139702ca5,Jason Sexton,85,"San Jose, California, USA",81,other,2024-01-01
efaf9e04-b906-4594-a058-6b2bf5ccec0d,Molly Fuller,80,"LA, California, USA",58,male,2022-02-28
903255a9-4480-4ff8-bea8-e98b3e1a3e5b,Eddie Chambers,69,"Rio de Janeiro, Brazil",61,male,2021-03-12
b2324242-b95b-4c7c-868a-581184226dc6,Timothy Gilbert,27,"Madrid, Spain",35,male,2022-08-10
7520732e-9a95-4196-b346-74095fb356c5,Teresa Perkins,51,"Paris, France",92,other,2023-10-10
e3a4a51a-6da2-4df9-bd42-5f7454da5889,Jonathan Thomas,78,"San Jose, California, USA",47,male,2023-09-08
248afd6b-7d8c-4615-9118-d093362eebe6,Connie Hull,56,"Portland, Oregon, USA",93,other,2023-11-30
ffad3f7a-f7d4-4d66-b740-9d9326b72ba5,David Miller,69,"Portland, Oregon, USA",71,male,2023-05-04
003215f8-1041-47a7-9abc-35a55374612b,James Kline,54,"LA, California, USA",21,female,2021-08-01
67e76b07-7334-4361-a412-5ff1fd3c2f40,Cindy Robinson,77,"San Jose, California, USA",90,female,2021-06-14
1d776c53-c19f-4a2e-9e60-823d337f4e49,Kathleen Rodriguez,64,"Milan, Italy",68,other,2020-09-15
84e01567-848c-4434-bc6c-f3a9e054a35c,Michael Olson,39,"San Jose, California, USA",58,female,2020-05-28
da6e5570-92c8-46a2-bad8-b63d017a81a5,Lisa Pace,24,"LA, California, USA",49,male,2023-07-18
869a9276-9fad-486b-ac49-ec7d18d7b268,Alyssa Medina,45,"Salt Lake City, Utah, USA",53,male,2020-09-15
e750d3a9-051d-42f2-87f6-297745b14e31,David Ellis,68,"KL, Malaysia",30,female,2022-05-30
5c1729ab-9393-4efc-82dc-149c47cae547,Wayne Lopez,62,"Paris, France",89,other,2020-07-10
c82bec0e-725e-49b1-99ef-f1a57f848d1f,Lisa Maldonado,30,"Salt Lake City, Utah, USA",39,other,2022-07-20
0768d1ee-ab53-438c-85cf-3b80131bb0a9,Amanda Cole,16,"Madrid, Spain",48,male,2020-02-01
ba83b5e0-6879-4b77-8e04-e9b117c4f0e7,Jerry White,16,"Paris, France",92,other,2020-01-25
ddbf5131-a405-42de-9064-3517f4dedd52,Alvin Horton,28,"KL, Malaysia",2,female,2021-02-14
9fffcb51-2d6e-482f-ab7b-c92833dfd563,Tara Rivera,43,"LA, California, USA",96,female,2020-01-23
61557b5e-6a40-4ab4-b9bb-f3b79475be8c,Nathan Bradley,74,"Rio de Janeiro, Brazil",19,female,2021-10-02
13c28750-14de-43d6-82b9-294cf8bdb498,Patricia Scott,71,"LA, California, USA",66,female,2022-06-09
8d1391b4-6c5d-42bb-8644-cb645239b53b,Gregory Acevedo Jr.,27,"Madrid, Spain",92,male,2020-11-19
9f4c817b-effd-4fce-be72-479e59f06605,Colleen Davis,78,"Paris, France",39,other,2020-11-08
fb31e159-16ee-400a-a9e4-dbbfb00aa896,Laura Berry,29,"San Jose, California, USA",7,other,2021-09-04
ee64a7cf-65b6-4cb7-b8d8-6255f372876a,Michael Evans,70,"Milan, Italy",55,male,2021-09-12
b823fd46-1a08-4465-80d4-95e3efa10638,Jacob Smith,71,"San Jose, California, USA",62,female,2022-05-17
023f2131-9274-453d-87ad-49d25f944687,Mr. Christian Evans,21,"KL, Malaysia",66,other,2020-12-30
31ef8da3-061d-4bc9-840e-4651eb41b25c,Jennifer Smith,45,"Paris, France",15,female,2024-02-07
1c4fc686-3b9c-4e19-851e-4da6b3fa5b61,Richard Morris,81,"KL, Malaysia",48,other,2021-07-12
2ea3d273-ae23-4cab-8c8a-e8a28d8abdef,John Mcguire,63,"Milan, Italy",66,male,2020-06-20
f87e398f-a5c1-49d4-a505-2afaab8676b2,Ivan Glenn,66,"Madrid, Spain",90,female,2022-09-19
ceb7ef7e-5093-4f93-beb1-a7d0b88a3eb8,David Rose,67,"San Jose, California, USA",19,male,2021-05-29
56671a8e-abfd-40af-84e9-6b50f271077a,Alexander Turner,80,"KL, Malaysia",10,other,2021-05-10
75febfe5-3999-4203-9c78-c101ca676923,Brandon Duke,53,"San Jose, California, USA",67,female,2021-02-28
0c340186-6956-48d8-a115-5f366474603c,Sarah Fowler,88,"Rio de Janeiro, Brazil",16,male,2021-12-30
35993767-6794-4f99-8fd6-199a3dca8a6e,Rachel West,25,"San Jose, California, USA",96,male,2022-08-24
89adda01-25e9-4bee-a95e-6bf9303d6f30,Gary Kelly,21,"San Jose, California, USA",26,female,2021-11-04
e8f38ff6-87dd-4542-a124-466f4b878e0f,Monica Anderson,49,"Madrid, Spain",42,other,2023-05-21
869f9e3f-146d-4902-8fc8-9491e304e8a6,Kimberly Sutton,53,"Madrid, Spain",78,female,2024-01-03
09e8a65e-2b9b-4510-a6e9-d1d135cc6275,Cynthia Crosby,18,"Milan, Italy",43,male,2023-07-15
a64b1cfb-25b9-42a9-8224-364f363811c8,Robert Cordova,16,"Rio de Janeiro, Brazil",91,female,2023-02-26
c9ac0e47-c257-4f47-bb41-d18c7a82d796,Franklin Rivers,86,"Rio de Janeiro, Brazil",44,other,2020-05-31
ddf4652a-a8bd-4704-8b50-62d44649835c,Marissa Smith,31,"Milan, Italy",49,other,2023-09-24
97a2cdcb-d65d-4965-8593-c286a565d933,Evelyn Murphy,40,"Portland, Oregon, USA",36,male,2024-01-15
317452b1-e009-48a6-8c15-37b8d4c689d7,Katherine Elliott,30,"Milan, Italy",71,male,2022-04-19
1d6cf783-1c35-4b7f-b55b-d4142ecec0a8,John Harmon,60,"Madrid, Spain",49,female,2022-05-20
d01d7c19-0662-417f-a5dd-f143d0718afa,Jimmy Gray,56,"LA, California, USA",27,other,2023-03-05
edc864ea-31ab-4ed5-9497-be3fef9a5e08,Angela Watson,40,"KL, Malaysia",21,female,2023-10-28
f7145b16-9603-4303-8cb3-a9d20b870a7e,Heidi Benitez,65,"Salt Lake City, Utah, USA",67,other,2021-06-17
56ed53d6-77a3-4eef-9552-08cecd40107f,Darlene Gonzalez,19,"LA, California, USA",53,male,2020-05-06
170c136d-a1c8-45f3-b05b-8c557f69d6a4,Cassidy Roy,44,"KL, Malaysia",19,male,2023-05-08
902d8053-e78e-4b21-a88f-e98dd7100f3a,Sheila Larsen,70,"KL, Malaysia",69,other,2022-05-08
cb71fb1b-59f0-4361-941f-a60373b51c96,Cindy Hogan,16,"San Jose, California, USA",58,male,2023-11-25
d4f08fa3-6789-4689-b0f9-c6d68c37efde,Jill Whitehead,18,"Paris, France",29,other,2024-02-26
8d231eb9-8b78-4377-b7bb-0a3c4b76d1c1,Jessica Brock,33,"Madrid, Spain",70,other,2022-12-13
b5cc48f2-2485-4f0d-8e36-b6bdb1c49203,Tanya Hopkins,38,"LA, California, USA",5,other,2022-02-09
921d80d9-2d85-459c-8014-bcf9b587f63e,Donna Higgins,17,"LA, California, USA",29,female,2022-08-24
57b5d4eb-37d4-4edb-835f-5954421c773a,Brian Dunlap,58,"LA, California, USA",43,other,2021-02-01
9e98970d-f662-402c-8686-ea10ad2c4181,Jacob Martinez,31,"Salt Lake City, Utah, USA",63,male,2023-11-27
f9e79977-ab9f-4842-9003-aa1d924afb24,Kristine Lowe,79,"LA, California, USA",35,female,2020-06-30
23622de2-e537-4c4a-bd54-f62efd5f237e,Scott Matthews,25,"Madrid, Spain",45,other,2022-10-11
d45162e8-c289-4f75-a092-3d40c5e0dd3d,Daniel Vargas,21,"San Jose, California, USA",58,male,2022-01-05
1ec38acd-00b0-44a6-8667-cdce3e837d1c,Eric Miller,21,"Madrid, Spain",78,male,2023-09-20
41f1998c-b811-453a-918f-71b7b5066e02,Cindy Mays,41,"Rio de Janeiro, Brazil",35,female,2020-09-21
b838aaa8-93b7-4d5b-a794-86e76df27461,Jill Robertson,18,"San Jose, California, USA",29,female,2022-03-22
75350fdd-5641-4eb7-9d0b-7d08f1d1f44c,Elizabeth Mathis,83,"Portland, Oregon, USA",15,female,2021-11-16
f1445c7c-767c-4384-bcdd-8d52070f0129,Dr. Craig Davis DVM,63,"Salt Lake City, Utah, USA",78,other,2021-12-16
1014f0c6-8edb-4fcf-b799-8a16f30dbdf5,Debra Brown,20,"Milan, Italy",36,other,2023-12-24
248b5ea4-5295-478e-beaa-3a6b5524e97a,Jill Holmes,73,"KL, Malaysia",47,female,2024-03-23
54c08d0d-a2d5-4d4a-bc2c-cd19d9c8ba2b,Emily Phillips,87,"Rio de Janeiro, Brazil",88,male,2021-02-07
89cc88b5-c4a6-474a-af10-dd6438b8d7ce,Michelle Cook,57,"KL, Malaysia",56,other,2021-08-16
fdf9bef7-8406-4904-957a-c78268cd9df0,Jason Cummings,89,"San Jose, California, USA",19,male,2023-06-07
0f865335-7417-4ea3-93b5-32e27c7630b5,Patricia Morris DDS,35,"San Jose, California, USA",78,other,2022-03-14
76b05552-128c-430a-8044-4d49c97136fe,Michael Ho,55,"San Jose, California, USA",10,other,2020-06-15
818a75af-d87b-4018-8a28-12b774134bb3,Melissa Velazquez,49,"Madrid, Spain",49,female,2022-03-25
2843d0e5-910c-4ad6-9b22-5d16586913fd,Anthony Hudson,41,"Rio de Janeiro, Brazil",86,male,2021-05-24
b401677f-4b4e-48e9-9fff-380e9a63c0af,Gregory Copeland,50,"Portland, Oregon, USA",36,other,2022-12-02
5e096279-1ba6-41f7-9d3a-6fa6d71faa05,Beverly Cervantes,60,"Madrid, Spain",56,male,2020-06-07
eb9d0adb-56d9-4b0f-80f4-4aeb2d62c8d4,Thomas Williams,18,"Rio de Janeiro, Brazil",55,male,2023-11-03
ee082169-0275-4184-886e-0e060cbecd95,Heather Brewer,37,"Paris, France",99,female,2021-09-17
73514f2d-1bce-4941-922a-74c54a007d77,John Stewart,40,"KL, Malaysia",78,male,2020-05-08
e181381a-6b41-4749-847e-a95b53cf8c7c,Willie Bowman,27,"LA, California, USA",57,female,2020-02-16
48dd44c3-9528-4b9f-90b6-3fb3fbb7f03f,Jennifer Walker,87,"Paris, France",49,female,2020-11-04
9ec1cf21-c588-4f11-b4e1-7f0fcdcb318b,Rebecca Wilson,82,"San Jose, California, USA",2,female,2020-11-19
85ec4162-1a3d-49a8-adb6-9e627032bc7d,Lisa Rowland,31,"Salt Lake City, Utah, USA",28,female,2020-09-29
ba2d5213-5df3-4f11-b3b2-43fcc55f7d5a,Danielle Snyder,27,"Portland, Oregon, USA",100,female,2022-04-23
317f8917-6da8-4694-9532-325986cb0d3f,Susan Dillon,79,"Milan, Italy",61,female,2024-01-27
559e567f-efd0-4990-a1f6-27abe3cf63ec,Sarah Terry,50,"LA, California, USA",55,female,2020-11-13
61c61694-8811-4ea4-aa1d-3631962e1d13,Larry Moran,55,"Madrid, Spain",83,female,2023-02-27
325a4890-2995-4db6-8a1b-6d99625e19d5,Curtis Doyle,72,"Milan, Italy",75,female,2022-05-17
e014b235-8fbc-47ad-a9ae-0838cd9a67a1,Jessica Stanley,80,"Milan, Italy",8,female,2022-09-23
2652ef6a-aa9f-4d40-9aba-293a015b365f,Juan Rodriguez,65,"KL, Malaysia",50,male,2023-08-06
d3e0761a-334c-4177-a625-50620251612d,Alan Yu,72,"LA, California, USA",19,other,2021-06-21
806395ec-d0f0-4361-97f7-deb038e5765f,Michael Moore,19,"Salt Lake City, Utah, USA",25,female,2022-12-25
5d6f94f1-9b20-467b-a9ce-cd9979bf9389,Amber Perkins,29,"Salt Lake City, Utah, USA",55,male,2023-12-15
4aefe026-99ff-4ddf-b231-b54b0efa8e4c,Heather Davis,51,"Madrid, Spain",68,other,2023-09-22
5d1457b4-8c20-47b4-8b29-97ea163a3cfa,Debbie Norris,85,"Milan, Italy",79,other,2023-09-13
491a63be-5664-463d-943a-08428115927e,Christopher Dixon,77,"Paris, France",43,male,2023-09-05
b2ae197c-235f-4b91-a25c-9e3649bb39da,Heidi Griffin,63,"LA, California, USA",64,other,2022-09-15
0537209c-f809-4d44-acec-9b063ed35d14,Cody Miller,70,"Salt Lake City, Utah, USA",91,female,2021-10-30
b3688fd4-fcb7-4598-9105-82f1b4e3d1e2,Theresa Holt,70,"KL, Malaysia",27,male,2022-01-12
04f16967-0af4-443f-8e02-d80a839226f1,Ricky Swanson,45,"Portland, Oregon, USA",66,female,2021-10-12
1da831bc-8a01-4789-b1d6-347d7ffc880d,Emily Turner,17,"Rio de Janeiro, Brazil",65,male,2023-07-29
6a1f191f-fc59-4a1f-8efc-a5efd98c604d,Shannon Mcdaniel,74,"LA, California, USA",57,female,2023-05-01
11de3463-61c7-4528-8186-d1280c27ea10,Michael Blanchard,72,"Salt Lake City, Utah, USA",95,other,2023-02-28
04268327-850c-4b34-8232-2f463ac2dbcb,Julie Johnson,79,"Madrid, Spain",80,male,2021-03-07
c7ad0271-b9b7-4fd6-93ac-bbd87e7d3ec6,Jessica Martinez,42,"San Jose, California, USA",75,other,2023-08-13
d9f49a64-8e6b-4cef-9e8c-23d4aad77b3c,Catherine Watson,48,"Paris, France",69,female,2023-03-26
512c0e59-0000-4228-af38-3eb069519b69,Tami Miller,24,"Portland, Oregon, USA",38,other,2020-05-26
16effc47-9c2c-4557-9b9d-800e3040fcd2,Keith Barnes,56,"Portland, Oregon, USA",27,other,2024-02-04
c312ec37-2761-4ece-82a2-2752ec4c6138,Alicia Freeman,64,"Portland, Oregon, USA",60,male,2022-07-10
b27d693d-7de6-4fe9-addf-6c833e3a7dd7,Trevor Mora,71,"San Jose, California, USA",50,female,2022-11-13
6d4ea176-36f6-4d85-8455-dae1ca6134d5,Keith Price,66,"Salt Lake City, Utah, USA",35,male,2022-03-21
5ba630de-56ee-4b57-9cd7-b905c9fe8dcf,Roger Bowers,33,"San Jose, California, USA",2,male,2023-01-08
38474039-1e06-4c46-b1c8-9db4ba8a64d1,Monica Wiggins DVM,58,"Salt Lake City, Utah, USA",95,female,2022-08-02
60357286-3518-45ba-8ace-710cfa284d9c,Walter Ingram,84,"LA, California, USA",65,other,2021-12-15
3f0ffe33-b881-4775-9ddc-0ada9877862f,Brandon Cross,45,"San Jose, California, USA",60,male,2020-09-21
fa0bb4f5-dcf3-4720-bd1b-6d855cb52ef7,Mr. Robert Flores II,57,"San Jose, California, USA",21,other,2023-11-16
9cd57532-2db9-4aa0-a950-3206b0bc5ea3,April Marshall,72,"Madrid, Spain",58,female,2022-06-03
4dedb801-4e44-4c1f-94e7-6b96b5926664,Nicole Wood,72,"LA, California, USA",85,other,2022-02-23
5235a21f-9a76-444d-a8d7-c82c5be7f539,Cassandra Clark,26,"Milan, Italy",59,other,2023-04-15
b36e6be8-96da-4714-8947-977b26900579,Rickey Garcia,28,"Salt Lake City, Utah, USA",85,female,2023-11-22
b1c86866-e702-4a7c-b95f-beabf8e91efe,Patrick Douglas,87,"Rio de Janeiro, Brazil",28,male,2020-08-19
b1f523b3-ed96-4dde-a27a-2bb8ccbb5753,Kelli Ramos,51,"San Jose, California, USA",22,male,2022-06-08
8aabf031-17ee-4ee0-8d5e-46491a544633,Mr. Trevor Marshall,28,"Rio de Janeiro, Brazil",95,female,2021-09-15
163e372c-d0e1-4225-8d08-d1759b6d7eb3,Robert Russell,80,"KL, Malaysia",42,male,2020-12-30
5836f66d-d098-49c4-8520-520a55de519d,Jennifer Waller,43,"KL, Malaysia",70,female,2022-05-16
5d8c1673-69b5-4867-be7c-cacd07e17878,Mr. Steven Murray,74,"Salt Lake City, Utah, USA",73,other,2022-03-28
b639133f-c64e-48e1-a8c3-0d9e6efc3429,Brooke Payne,30,"Salt Lake City, Utah, USA",41,female,2023-09-23
8b160f6b-d98f-40aa-a85c-ea18cbff38ef,Olivia Garcia,49,"San Jose, California, USA",83,other,2020-07-11
d6fc1b8e-adea-40e5-ab1e-6e67a3535e46,William Cook,55,"Salt Lake City, Utah, USA",22,female,2021-02-05
c9519282-14cc-46c4-8edc-07ce5e9484de,Lindsay Green,66,"LA, California, USA",34,male,2022-01-08
7c46d7a0-b8a9-403d-836d-fbead8b1069a,James Jackson,55,"Portland, Oregon, USA",50,male,2023-03-25
4f7cceaf-f629-4b3a-adb5-63e8b81d820d,Andrea Martin,39,"Salt Lake City, Utah, USA",4,other,2023-12-02
f539cbba-9dcb-41c2-b782-9cc9e0061b78,Barbara Ruiz,41,"Milan, Italy",4,male,2021-01-22
96d7058e-03b1-4018-acfc-f13fb10acf1e,Daniel Williams,83,"Madrid, Spain",3,male,2020-11-14
2368f8db-01dc-4e7b-b65f-d80e9d0ef504,Stacey Smith,56,"Milan, Italy",22,male,2023-09-11
548600e1-2fb1-4dbf-9fa6-8db87fb69654,Lynn Wilcox,46,"Milan, Italy",80,other,2022-04-05
da1a9882-0e0c-492c-98d3-530b2c633d59,Douglas Hughes,32,"KL, Malaysia",99,other,2023-03-25
e1462b23-da4b-4898-a8fb-0f90e8469128,Michael Carr,39,"Madrid, Spain",19,female,2023-08-09
2cb356fb-8412-4c89-b3f0-0439f4812f81,Sara Hess,28,"KL, Malaysia",54,other,2023-04-07
0346615d-5f15-47fe-a075-1ba776fcf150,Kimberly Freeman,44,"Portland, Oregon, USA",46,other,2021-09-26
98e03780-aa6a-4f96-9df4-1ff8e4bbf2a4,Kim Sanders,90,"Milan, Italy",41,male,2021-04-26
2b86caec-c978-483c-8e6f-99a90c0367d0,Matthew Smith,65,"Madrid, Spain",35,female,2023-06-01
3157633e-8f72-4931-a753-2f1c5d727a7c,Bruce Olson,75,"Paris, France",73,female,2020-02-23
5d8f8fe6-14e8-478d-98e5-30c6fd867646,Juan Singleton,32,"Rio de Janeiro, Brazil",82,other,2020-08-24
717fdad0-eb16-44df-b1af-bcb4bd445760,Ashley Sweeney,68,"Rio de Janeiro, Brazil",22,female,2021-07-10
546d80a2-e5aa-4db5-b2f2-bae09a588f21,James Lee,84,"LA, California, USA",28,male,2022-02-14
6c1f9435-e532-453b-b559-7481a20a8445,Brian Christensen,51,"KL, Malaysia",50,female,2023-04-25
2deca104-4abb-4a8a-a5dd-63a3e1d6a015,Michele Bennett,36,"Salt Lake City, Utah, USA",25,other,2020-03-08
85e83e24-4b90-46d2-9887-149a1b2ba794,Matthew Price,28,"Salt Lake City, Utah, USA",81,female,2021-12-07
3dc277e3-3410-48e8-9aa3-d90aa360727a,Diana Hess,81,"Madrid, Spain",97,male,2021-11-13
db9433af-ee05-42d7-8a1f-58ce9300a371,Bryan Francis,36,"San Jose, California, USA",56,other,2020-10-31
c960a6c8-42a6-445a-b131-cd3ac693d9dd,Steven White,52,"Paris, France",29,male,2022-11-12
24178548-7b69-4a7e-b8f7-85e3f0bbcc04,Tony Parks,79,"Madrid, Spain",92,male,2020-01-31
51a295ac-f02d-4df4-bc55-248d285a8838,Joshua Finley,18,"Paris, France",23,male,2020-12-02
2585eb05-12bf-4a5d-808e-b3a270390359,Nancy Hardy,16,"KL, Malaysia",92,male,2022-12-22
a14c9fee-ce99-421d-819a-40af6f322d21,Jason Knight,52,"Portland, Oregon, USA",84,female,2022-01-09
4d37f2db-bb24-4e4e-b7ab-2d984b8bfc2e,Stephanie Berg,68,"LA, California, USA",78,male,2022-10-18
7b6d7c2d-daff-4bf1-9b5e-a02eda3d9242,Paul Sanders,75,"KL, Malaysia",54,male,2022-09-13
6c3aec08-38d2-4047-8597-40db06eace80,Ethan Miller,78,"Milan, Italy",42,other,2021-02-28
7608cc2f-d079-4289-85ec-e3c674c52b7a,Anthony Davis,85,"Rio de Janeiro, Brazil",64,other,2022-09-22
f9291959-d36c-4c8f-ad7d-5c8362f79e21,Brandy Ford,24,"Paris, France",27,other,2023-03-15
06fe087f-a397-4213-a277-f12536795c3c,Heather Reeves,48,"Portland, Oregon, USA",38,female,2020-01-25
ca8658fa-11ac-4da5-b883-623e38acda35,Anthony Vaughn,89,"Milan, Italy",82,female,2023-03-16
1cfe84d9-b5b1-47f8-9773-72d86ced970a,Peter Mccoy,56,"Salt Lake City, Utah, USA",73,female,2020-11-27
a3497b30-85ea-4122-9d09-b897df2b0c48,Christina Nixon,42,"Salt Lake City, Utah, USA",18,male,2022-05-26
7deb38fa-8da9-4263-89a6-249fc497083a,Michelle Calderon,24,"LA, California, USA",82,male,2022-11-28
e57d8ce7-b5e1-4e3e-8e9b-ea55475dec54,Frances Marshall,15,"Madrid, Spain",12,female,2022-12-12
e724e6b3-2119-43d7-afec-d6059180c74e,Brianna Walsh,80,"Madrid, Spain",25,male,2022-10-21
16dab863-bd85-4ab2-bb66-6ad22c4fd6ea,Lisa James,25,"Milan, Italy",43,male,2023-07-23
4e4942f2-f800-46c7-9170-bc46e74cfa01,Tammy Welch,60,"Milan, Italy",91,other,2023-11-02
f5f57ebb-5a8b-4796-a67c-b23725ad5899,Diane Livingston,31,"San Jose, California, USA",93,female,2023-12-23
eca686da-542f-479d-ab7e-05753963596a,Victor Best,25,"Portland, Oregon, USA",93,male,2020-07-05
222e4d28-0000-4039-8992-689e9921dffb,Mrs. Linda Diaz,54,"Paris, France",3,male,2020-05-28
4c3e2d74-8092-4c33-bd8d-cf1b9b72d70f,Michelle Rodriguez,68,"San Jose, California, USA",43,female,2021-09-24
9a183a4c-56d1-4f7f-8e87-17760b65a8ba,Lisa King,62,"Milan, Italy",39,other,2020-07-10
ae27a98c-05db-4099-8333-8ce0cd7f68b9,Kyle Browning,65,"Paris, France",55,female,2021-04-06
e5567e1d-c5df-462b-bdbd-6eb3ae0ef90a,Joseph Gonzalez,64,"Milan, Italy",62,female,2023-12-24
9e1f0c46-fee2-4de3-ad29-11bc137713f2,Christopher Davis,20,"San Jose, California, USA",80,female,2021-08-02
3ac35f5b-3117-4922-a0ba-44fa32ca99ff,Christine Estrada,74,"Portland, Oregon, USA",87,other,2022-08-13
3e9ce057-22fa-4273-9264-8480ba598d8d,Martin Fisher,15,"Madrid, Spain",67,other,2020-04-11
11aa9f91-c6d6-41d1-a7da-8ad1913355a1,Diana Cox,78,"Portland, Oregon, USA",3,other,2022-12-14
76a7cdf7-99e7-4c31-90cd-80e8d89e7462,James Ramsey,49,"Milan, Italy",41,male,2023-07-06
f6ca7ca3-8126-4b54-8c27-2c0f8e11c49b,Francis Simpson,85,"Milan, Italy",12,female,2022-03-19
8e6b35d4-8f59-48fc-ada7-0ffe46580fa3,Phillip Burton,72,"KL, Malaysia",89,female,2023-11-07
70fe2929-584a-4baa-ad34-84bfa181b230,Gregory Vasquez,62,"Paris, France",62,other,2020-11-12
ee7f75e2-41c3-4f3c-abdc-22651659b345,Teresa Perez,51,"San Jose, California, USA",63,other,2021-01-30
4c0a8c11-0d33-44b7-8b6b-5a29ed17740d,Andrew Smith,75,"Milan, Italy",40,other,2023-11-09
7da2620e-0967-445f-926d-161ecc8c48f6,Ryan Bradshaw,36,"LA, California, USA",79,female,2022-06-03
8e753b16-4e37-4050-9817-7f7b9d654708,Jennifer Scott,88,"LA, California, USA",37,male,2021-04-12
3a7c6585-2ca2-4003-a6e2-14c48680975e,Joel Contreras,62,"Paris, France",31,female,2023-01-25
88a6185d-f9a9-43f3-9995-660f33faa8fb,Melanie Mcfarland,84,"Paris, France",44,female,2023-12-17
ed6cc968-dcbd-4e4e-ad1a-6756df877cbd,Richard Moreno,31,"Milan, Italy",72,other,2021-05-16
5cc65e77-785c-4e64-897a-65294c482d7b,Amanda Graham,56,"KL, Malaysia",7,other,2022-06-30
14034917-6965-4f8b-b987-1972ede5bb7a,Jesse Gardner II,15,"San Jose, California, USA",51,female,2023-02-20
3d35e916-60c4-4338-8e5e-2d57c459c1e3,Jennifer Scott,89,"Paris, France",5,male,2023-02-05
98ac86cb-da0d-45fe-bd5f-f968b2631a6f,Collin Anderson,22,"Salt Lake City, Utah, USA",64,female,2022-03-22
72907f8d-0cce-4be0-8a2c-29a923fe4bf6,Patrick Olson,70,"San Jose, California, USA",32,other,2022-12-10
37fb929d-d874-4e85-8faa-5f9a46b6689a,Michael Stewart,34,"LA, California, USA",82,male,2021-02-14
3307d0a5-862d-4f37-a064-61edfd66368b,Nancy Moore,23,"KL, Malaysia",94,male,2021-04-14
7e309373-2d66-4ed2-ae86-de917b07e479,James Williams,86,"KL, Malaysia",20,female,2022-02-02
3fdbcbcc-ae2b-4234-9e33-16c54564453f,Lisa Ali,55,"Rio de Janeiro, Brazil",99,other,2023-06-14
d96d1564-ed9e-4ff6-8cc4-7620e28d2139,Dustin Mason,26,"Paris, France",24,female,2023-11-09
e4c3e421-c86d-4f41-bf3e-b7a872604cf4,Courtney Green,74,"Salt Lake City, Utah, USA",40,female,2023-09-27
667635b5-c150-4e64-be72-4a59709038a3,John Hill,16,"KL, Malaysia",85,other,2021-12-19
fa481131-e2aa-4755-a845-c4c0fb36fdbd,Richard Murphy,77,"LA, California, USA",83,female,2023-03-07
bad7d979-140c-42f3-978d-9777631472f4,Joshua Stone,70,"Salt Lake City, Utah, USA",28,other,2023-09-14
eaf84d27-c7af-40d1-af5d-d5f6c93c4e11,Thomas Garcia,57,"Madrid, Spain",66,other,2020-06-07
3c5ce5ce-0413-48c9-8b59-15c6597cbbcd,Christina Mendoza,16,"KL, Malaysia",54,female,2023-03-19
c5ae6823-ea8c-4790-9a40-bf16e8b9ae5d,Charles Russo,73,"Madrid, Spain",92,female,2023-11-19
7b5cb1a1-253d-47f5-9cf8-b678d5fe1f1f,Duane Lindsey,39,"Rio de Janeiro, Brazil",100,male,2021-09-07
692c403d-16c2-47b6-84ff-4aba3485d0a2,Melissa Mcintosh,48,"KL, Malaysia",25,male,2021-05-22
ca26bfe1-ed8a-49d4-995e-b9741029b84a,Regina Braun,33,"Madrid, Spain",93,other,2020-03-26
2c5ce7bc-638c-4ca8-8bc3-b2ff7575b079,Maurice Navarro,62,"Madrid, Spain",4,female,2023-09-22
5c7d9e5a-d814-4ab8-846b-d9af1d7ffd33,Nicholas Humphrey,46,"KL, Malaysia",67,female,2023-07-07
0935f047-2f31-45a5-a67d-242f4f98a59d,Rhonda Martinez,29,"Salt Lake City, Utah, USA",10,female,2020-03-09
16a3f46f-9d3c-4f6c-83fe-447c67dcd2a4,Carrie Davis,43,"Rio de Janeiro, Brazil",71,male,2023-01-05
e465d54a-3cb0-47db-b833-8383c56c0c40,Melissa Sanchez,36,"Salt Lake City, Utah, USA",5,male,2020-08-13
2a9eb3d3-18c7-47aa-a5cd-d52141258e8a,Jamie Hardin,80,"KL, Malaysia",18,other,2020-12-02
7a6bf8e8-a4e1-4424-8c26-bfb91ad9e0f3,Jeremy Michael,50,"Milan, Italy",7,other,2021-12-26
f207cfe7-ff78-40df-b8f7-3cbf006b647f,Emily Johnson,32,"Salt Lake City, Utah, USA",39,female,2023-10-06
6748d497-abb6-4071-8e85-3d9785dd4c49,Darlene Jones,53,"Paris, France",44,other,2020-04-15
80dc4108-eb18-4c42-99a3-7942a2eed44b,Debra Delgado,26,"Milan, Italy",89,female,2020-01-18
5694ff7f-ba98-4420-8d4a-f58a2ac9daae,Brandon Cox,34,"KL, Malaysia",1,other,2020-03-06
0ea216a4-f4f7-466c-bef6-faac1e5529fd,Timothy Nichols,66,"Madrid, Spain",84,male,2021-04-09
b6592f3e-4343-404b-b12f-fe4406ef21ab,Scott Mitchell,52,"Milan, Italy",98,male,2020-04-24
3547c8c3-e28f-4f66-8755-f5064fcb6faf,Joshua Turner,18,"Rio de Janeiro, Brazil",58,male,2022-05-06
e9469c03-0bfb-4160-9275-87d80deae546,Michelle Leonard,71,"Portland, Oregon, USA",92,female,2022-11-30
652e6fc2-d1f1-49a4-936d-faa5d6a38622,Susan Sanchez,31,"Portland, Oregon, USA",92,male,2020-05-12
47b2aba1-fdc3-447d-8c30-7e6f5e7776cd,Sara Thomas,81,"Paris, France",87,male,2022-03-10
2bd798fa-0685-4f64-a7da-74d182e55a7a,Katherine Winters,70,"Rio de Janeiro, Brazil",64,male,2020-05-06
e87bae99-714b-41c0-9cd4-5cf418c4355f,Luis Ramos,78,"Salt Lake City, Utah, USA",14,male,2020-06-18
043b0c6d-6e39-4d69-bd1d-a35f35999c2a,Tammy Ross,89,"KL, Malaysia",83,female,2021-08-23
9f622c3b-c77c-4210-8d47-c3a7c6826df4,Charlotte Turner,74,"Portland, Oregon, USA",74,other,2022-05-16
0a309e22-8fc8-451a-aa95-274c1489c3fc,Anna Farrell,26,"LA, California, USA",11,female,2022-02-04
6883fd70-5ade-430d-afc0-4e30959d6021,Joseph Booker,46,"Salt Lake City, Utah, USA",71,male,2022-09-14
279330a1-b584-4d52-bb12-5743dab9cbf6,Chad Lam,64,"Portland, Oregon, USA",65,male,2021-07-09
e029259e-1e97-46dd-a81a-b004adb3e068,Shannon Andrade,65,"Milan, Italy",71,other,2022-12-17
d502a0c9-c964-44fc-b224-96dfc73bad1f,Vincent Holloway,76,"Milan, Italy",93,male,2020-05-28
1b7c60c3-5f99-4d1f-aa84-e99c58b0ca7d,Grace Hart,55,"Paris, France",15,female,2024-03-27
1100d168-7f3d-4c29-961a-43b4026287ba,John Hicks,40,"Madrid, Spain",15,male,2023-09-25
a8c09523-fa88-46cf-b5cd-42d2e00b8318,Carol Hicks DVM,26,"Rio de Janeiro, Brazil",56,other,2022-04-29
96d712f7-9083-4533-aad3-58fbb42dce5e,Nicholas Hart,49,"Portland, Oregon, USA",10,female,2020-02-05
d2a3d307-c7d0-49d3-a80e-c48729b23c2d,Olivia Gibson,15,"KL, Malaysia",21,male,2022-02-17
32716e78-5346-4e31-a5b4-9ffd99ec9b1c,Christian Ballard,67,"Salt Lake City, Utah, USA",29,male,2021-05-01
435358df-8eb2-4447-aa2a-52ede47271e1,Anthony Brown,56,"Portland, Oregon, USA",92,male,2021-04-28
9fe326b5-d47d-44f1-81c5-aa552a85a16b,Jennifer Simmons,36,"Milan, Italy",22,male,2022-11-08
c69dea10-6dfc-4550-a358-642dca9682c7,Nicholas Schmidt,74,"Portland, Oregon, USA",35,other,2021-04-06
4ee7d4bc-7480-4ce6-afd0-f0ac29dc2275,Andres Ward,25,"Salt Lake City, Utah, USA",49,male,2020-09-08
552119ed-344e-4c27-be0c-7ff623b6cb66,Linda Garcia,16,"LA, California, USA",100,female,2021-12-10
55514933-6f99-4e5b-84bf-7da339e0dc93,Brian Evans,64,"Rio de Janeiro, Brazil",68,other,2020-09-03
7a0ee501-3256-46d1-a606-a5a112ce9a5c,Kelly Gray,54,"Paris, France",81,other,2021-04-05
a6e82a89-8597-4e20-b6bf-09671dd3db72,Andrew White,40,"LA, California, USA",64,other,2023-09-27
ad34129b-5cdc-4779-a546-6346c99c9179,Amber Miller MD,42,"Madrid, Spain",55,other,2023-02-28
582cbe30-9e35-4945-9915-17bec7284d84,Anna Jordan,65,"KL, Malaysia",73,female,2022-10-27
02a66a16-dcc8-4b54-928e-bee956b73fa5,Christopher Bradford,58,"Madrid, Spain",49,female,2020-10-19
4cf8f28e-aee7-4f02-b765-9d68f0666399,Jonathan Macdonald,68,"Rio de Janeiro, Brazil",73,female,2023-03-23
de5da648-3b36-4c56-825b-62a4d6491062,Lawrence Clark,67,"Rio de Janeiro, Brazil",21,female,2021-12-26
8e0b8891-6f14-40de-9c70-a56e21dcdf29,Sarah Odonnell,27,"Madrid, Spain",73,male,2021-02-05
fcdc5c6e-151a-4a55-bbf5-b964437a9c32,Lauren Jackson,21,"Milan, Italy",59,female,2021-07-08
c8af1539-998e-401d-b7cc-c8f36306555d,Dawn Brown,53,"Portland, Oregon, USA",40,other,2021-04-27
240385bb-ec14-452b-9a11-000aa1675020,Kathleen Vargas,51,"San Jose, California, USA",25,other,2022-12-10
d968ea06-4c19-4199-8044-ac1fa508860d,Leah Smith,54,"San Jose, California, USA",12,female,2022-03-07
52b5202c-aee0-4526-8e32-68893b6ea523,Kristen Rogers MD,60,"Madrid, Spain",26,other,2022-04-30
473d6941-d04c-4e97-b955-dae2ab35c0ea,Michael Brown,62,"Milan, Italy",98,other,2021-01-04
1f434e23-5413-4148-a251-1cfa9524a377,Daniel Lester,35,"San Jose, California, USA",65,other,2021-08-08
e15a4895-2174-44bd-8237-2b0899fb8de5,James Smith,54,"Portland, Oregon, USA",62,male,2020-10-19
5e936f68-dd42-462f-b423-0c07db447473,Kevin Flores,63,"Salt Lake City, Utah, USA",25,female,2022-06-19
238b692b-66cd-49c0-b2b4-ec26ea54cbd0,Eugene Dawson,20,"Paris, France",75,male,2021-11-23
6e0b932d-91bb-4489-861b-f0135ca61b01,Andrea Hernandez,35,"Portland, Oregon, USA",77,male,2023-04-13
18e8ebdb-600b-47f8-a388-3c02a3ebaf08,Margaret Malone,63,"Paris, France",42,male,2020-10-17
dffaca92-f21e-4a4b-8d85-42eb14e90171,Daniel Harvey,42,"San Jose, California, USA",37,other,2021-07-20
d7b2eda4-ef71-4b8d-97ba-02be4f5dc06d,Haley Baxter,77,"LA, California, USA",63,female,2023-12-13
a2699779-c1db-4a13-848d-436181020321,Matthew Sanchez,53,"Paris, France",77,female,2021-09-08
d0e6a839-7033-4b8d-a917-c4e8abcc3f8e,Adam Silva,42,"San Jose, California, USA",33,female,2022-03-01
c0be7b3c-0e0f-4fad-87a7-fec35294a0e1,Michelle Woodard,74,"Portland, Oregon, USA",93,female,2023-03-08
838e90ca-7c91-4f0c-998b-331f382cfb16,Joshua Brown,70,"Salt Lake City, Utah, USA",14,male,2021-02-24
c8c78aed-78bc-435e-9a27-7d6733cfa8ca,Paul Harmon,20,"Salt Lake City, Utah, USA",48,other,2021-11-18
607aeb39-7ae2-4655-88eb-25fa8cb71934,Joseph Willis,64,"LA, California, USA",31,other,2021-02-14
9e2680e5-8c0f-466e-95d8-4568c6154ab1,Trevor Howard,85,"Portland, Oregon, USA",3,female,2023-10-06
d49cb9ed-dbc8-4d08-b7ee-b6c22c3e7979,Renee Newman,67,"Salt Lake City, Utah, USA",54,other,2020-01-17
586e8648-fa19-4b30-813a-27f232cdf6b9,Theresa Wang,61,"Paris, France",55,female,2020-02-27
508dc202-1265-4905-a25b-bcc6587946b7,Shannon Johnson,29,"Paris, France",22,other,2023-12-05
2ca8546d-a9ab-41c1-8d96-ecc76f643260,James Martinez,38,"Rio de Janeiro, Brazil",23,female,2021-09-10
19aa9b40-d9ce-47e8-a98b-1a7ff2b2bdc5,Michael Dickerson,70,"KL, Malaysia",12,male,2024-01-07
b3049a3f-cdc2-4fc9-8e47-29d02e954ccf,Doris Smith,53,"KL, Malaysia",46,male,2020-07-06
94845582-e289-48d2-a23c-233a564ca266,Jason Baker,79,"LA, California, USA",13,other,2020-07-12
df649231-a81c-429f-b8e2-0f46d79cd124,Stephen Hayes,30,"Madrid, Spain",13,other,2020-06-04
2f9c11b5-5e24-445f-964e-e2e902cf6eb1,Eric Hansen,24,"Paris, France",69,male,2020-05-16
6d7fe996-375a-4bbc-93f7-e70d715dd02b,Matthew Shaw,78,"LA, California, USA",10,other,2023-10-09
3fd03c14-2278-4888-a647-5ce1c2ae8ecf,Nicole Burgess,51,"Salt Lake City, Utah, USA",38,male,2024-02-23
1856f270-f47d-45e3-9c0b-7ef951977550,Keith James,20,"Milan, Italy",12,other,2023-06-04
9829e3ac-9830-412a-9a46-fd624614f27d,Robert Lynch,23,"LA, California, USA",45,male,2020-12-22
fbb906b8-aab4-4573-9d99-3a343280fd34,Morgan Moss,76,"KL, Malaysia",16,other,2023-12-08
26aac798-1531-4beb-b5c1-9d63097000d4,Samantha Wright,81,"San Jose, California, USA",27,female,2024-02-02
ec20461a-b3a0-4a55-87f2-4e0af55b110d,Kimberly Thornton,66,"LA, California, USA",98,female,2021-07-31
6cbea557-02b7-4951-9ab8-e8b7ed0c1264,Jessica Shepherd,56,"Portland, Oregon, USA",2,male,2020-10-21
59f346ae-71f4-4e50-a9d4-e91c9ef73ab3,Benjamin Mora,87,"Portland, Oregon, USA",56,female,2023-12-10
7f764ce5-854e-470a-9b93-8f88603172a7,Megan Nguyen,87,"LA, California, USA",11,other,2024-01-11
41667d32-6b90-4c82-b385-88da497506b1,Kimberly Sawyer,65,"Rio de Janeiro, Brazil",7,other,2020-03-07
0b4b6fba-bfcf-40cc-809d-ec7c29437352,Ryan Blake,48,"Madrid, Spain",66,female,2020-08-28
34f006f8-e6f6-4b4a-b7df-ce9e5dd3fd4c,Jodi Allen,58,"San Jose, California, USA",27,female,2022-09-24
3b42a9fa-eb9c-4cc0-9b0d-d84542509c42,Dr. Douglas Evans MD,76,"Milan, Italy",52,male,2021-01-03
9c19cd7f-6021-4c2e-8d22-932493d4a4b0,Crystal Thompson,80,"San Jose, California, USA",20,female,2020-04-26
1356b771-a37f-44ba-8d48-fd8fe4569afe,Jamie Price,62,"Madrid, Spain",75,female,2020-08-03
e7ccfb60-232b-40db-813e-a7fe38e7ad10,Connie Brown,42,"Portland, Oregon, USA",49,female,2021-05-08
1c6d81f0-2e2f-44f9-ab34-e51191b8061c,Kelly Mason,83,"Madrid, Spain",69,other,2021-01-17
16cfef7a-abf7-4270-b0e4-341cc5c5497d,Dillon Marquez,55,"Milan, Italy",5,other,2021-04-15
e615861c-6c8b-4226-bdaa-3bef2ab4cd86,Julie Barber,27,"Portland, Oregon, USA",73,male,2020-12-11
16f61129-f2b3-4799-bfe9-d52b7b506ca6,Catherine Brooks,89,"Portland, Oregon, USA",68,male,2020-06-20
a231c823-5bdf-4ead-aa05-16bce23f67b0,April Adams,32,"Paris, France",26,other,2023-08-26
99d0f89a-44c6-48b4-8b89-6df27587d833,Kevin Hall,56,"Portland, Oregon, USA",25,female,2020-12-28
379a9d50-5094-41e2-a42d-9ec1a7e27bd2,Michelle Miranda DDS,15,"Paris, France",87,male,2023-06-08
245d4367-c905-4a4c-b5dd-b92cf1794a74,Andrew Robbins,30,"Madrid, Spain",7,other,2021-07-05
47092b6a-507d-4267-85fa-9e5f090b458d,Richard Hudson,28,"Portland, Oregon, USA",82,male,2020-06-19
f25f354e-cb1e-4d8a-9d56-daddbbd2dd6c,Samuel Baxter,22,"Portland, Oregon, USA",94,female,2021-08-14
26465b48-f266-4041-ada7-d5b87ab691dd,Michael Hernandez,60,"Salt Lake City, Utah, USA",89,male,2024-02-14
87bd99a5-8ee6-4159-beb7-8a5a00657dcc,Alexis Rivers,60,"Madrid, Spain",69,male,2020-05-07
056b477c-d38d-4115-9181-ecc1d58ec215,Dr. Cynthia Dean MD,85,"Paris, France",17,other,2022-12-02
1b041e72-aa65-489a-bebe-d52d7ae75732,Robert Nguyen,50,"San Jose, California, USA",15,female,2022-03-16
ede68f0a-df5c-4480-af2b-0a53338f65a1,George Schroeder,50,"Paris, France",22,male,2022-04-28
6a34e0a1-4606-4bef-b896-3469d8c87f5a,Julie Wilson,62,"Salt Lake City, Utah, USA",19,other,2020-11-09
e9bca9a9-505c-4ff0-a209-e283d48c744e,Jeffrey Mcdonald,78,"Rio de Janeiro, Brazil",40,male,2020-12-05
e37affc6-e8ea-4934-b850-7b74af7d1e71,Bonnie Adams,59,"Rio de Janeiro, Brazil",76,other,2023-05-29
4f77423a-583f-437d-b349-b16ce13b3c3f,Dalton Carrillo,50,"Portland, Oregon, USA",67,other,2020-12-28
83f84d90-c54c-4db8-8863-0192900b47c6,Kelly Duran,52,"Madrid, Spain",19,other,2021-04-07
96ade462-b09c-4f61-90db-4bb1742c7db6,Karen Davis,31,"KL, Malaysia",24,male,2023-06-01
7182f72b-24fe-406c-9dbe-5e7e9d18f24d,Jeffrey Newman,53,"Rio de Janeiro, Brazil",72,female,2022-07-25
0c67baf4-e465-45ab-8705-6d30424d1e78,Heather Shaw,78,"LA, California, USA",24,female,2023-10-29
cf6f1bd1-6b30-4b1d-b0f7-9f73226fce9b,Justin Nguyen,42,"Salt Lake City, Utah, USA",15,other,2021-03-27
1f4fbb4c-236d-49a3-87f3-59e1940bf24d,Jessica Adams,34,"Rio de Janeiro, Brazil",52,male,2023-08-17
32fd9328-0f12-4f87-990b-efe33d0c44f0,Justin Jackson,66,"Paris, France",29,other,2020-04-19
7a8d1e2c-4380-4e61-939f-755655d52f7c,Monica Jordan,89,"San Jose, California, USA",14,other,2021-12-21
2212e1a5-9972-41cf-9257-66bbbf7e5710,David Nelson,43,"Madrid, Spain",48,female,2022-09-13
36973447-db48-4285-a0e9-546f5b40cde2,Nicholas Garcia,45,"Paris, France",43,male,2023-04-30
c73b89c4-f200-4d36-ba22-7ac2b4f0ff63,Eric Fox,22,"Rio de Janeiro, Brazil",63,other,2020-09-28
0a5cb6cd-0f2b-4ff5-9434-b8d1d70fecda,Brian Walker,21,"LA, California, USA",54,male,2020-01-04
207dd706-7160-482d-9f15-e98420260a96,Linda Williams,31,"Milan, Italy",30,male,2024-01-21
053049f8-984e-42c0-8ea6-d9b1817fe34d,Mark Barnes,28,"Milan, Italy",76,other,2020-08-14
07661357-1c4c-4aa9-add1-265f169c7541,Meagan Berg,56,"San Jose, California, USA",88,male,2020-03-06
38be63c7-0677-4b86-beed-b6aad2febba1,Kenneth Chavez,64,"Salt Lake City, Utah, USA",18,male,2022-09-27
42cbbd8a-381a-46be-88c7-61546defe309,Doris Tucker,68,"Milan, Italy",44,male,2024-02-10
f5b016fb-cc16-4eac-b50f-6afd9e991c6f,William Barber,65,"Madrid, Spain",87,male,2020-03-22
37666b73-04d0-4ca6-acf0-6ae01dcc4c88,Brandy Tran,64,"Portland, Oregon, USA",89,other,2020-08-13
53a7d764-248c-49d7-bf4b-2c41c7391b6e,Amy Wolf,79,"KL, Malaysia",68,other,2023-08-18
e55c49c3-ac81-4ac0-95a0-2e54b4f8a097,Janet Reed,39,"Paris, France",42,other,2023-07-11
b8f65ebe-0d33-4dc8-98ed-fa929db1017e,Toni Fry,45,"Portland, Oregon, USA",27,female,2020-04-25
2dc70ef9-a65e-4a23-a7c8-6bd28a196732,Travis Anderson,16,"Portland, Oregon, USA",50,male,2023-01-20
5469ecf8-989e-40ec-8baf-d07924bb2f4d,Cynthia Jackson DDS,72,"San Jose, California, USA",70,female,2021-02-21
426f00d9-ba84-4c4f-b671-208d0acec3b4,John Murray,80,"Madrid, Spain",90,female,2021-08-28
82c4bcdc-eacb-4de6-bf30-0756e6695443,Dr. Katherine Harris,76,"Salt Lake City, Utah, USA",84,male,2021-07-04
a580b6e9-603e-429d-8d56-4207168b9241,Casey Meyer,28,"Salt Lake City, Utah, USA",4,male,2021-10-24
7f98be5c-9f06-4351-8ca7-c1d6c42da128,Carrie Odonnell,73,"Salt Lake City, Utah, USA",42,other,2021-07-31
8c0dad88-ef99-4504-b092-9d9576109a2f,James Hill,44,"Rio de Janeiro, Brazil",51,female,2021-03-30
de881cec-be5c-41d8-9c57-73f3ead68778,Sherri Rodriguez,62,"Paris, France",79,other,2020-11-03
10a227c3-e482-41f5-8d40-4c04f3c5ded0,Daniel Chen,72,"KL, Malaysia",38,other,2022-12-11
70200eca-2e79-4580-a2b3-da41dfb93110,Megan Johnson,54,"LA, California, USA",60,other,2020-01-26
442e99df-2eb2-4924-902d-84a7321e36fc,Beverly Winters,29,"LA, California, USA",24,female,2022-12-18
eaec6d18-421c-4ed8-a80a-453e9b6dbef9,Amy Bradley,62,"Paris, France",37,male,2020-03-29
04eb8c69-0e3b-4548-8b5b-7f751357e71c,Gregory Lee,43,"LA, California, USA",59,other,2023-10-19
f628852e-2ee6-44bc-a9a0-3f539fa56392,Taylor Miles,80,"Portland, Oregon, USA",77,other,2021-12-05
fd01d478-53cf-4924-8fea-7a44450bfe31,Rachael Ramirez,76,"Milan, Italy",33,other,2022-02-14
c46d39dc-58f9-483a-9414-bffca537637a,Lauren Mcdonald,89,"Portland, Oregon, USA",66,female,2022-08-22
0158db16-9f69-47cc-8f7b-17eeccc2d020,Holly Taylor,50,"LA, California, USA",2,male,2020-01-17
3f166d58-0259-4f2b-b7f1-ff5110cf8a52,Brett Leon,25,"San Jose, California, USA",56,male,2021-09-03
4b026519-9c9c-43a9-836d-d14507195b0a,Gina Wade,69,"KL, Malaysia",98,female,2023-03-02
75689551-dfc2-4e88-86e0-84897e6213ff,Tiffany Thomas,22,"KL, Malaysia",60,male,2022-05-03
814bb935-8adf-4496-b4a8-04f38e93b9c6,Taylor Brown,72,"Milan, Italy",74,female,2023-08-18
9f403a70-e373-4a9c-b3d7-da50628b914a,Ashley Hill,22,"Milan, Italy",44,female,2023-05-12
ea4d2ffe-ab3d-404a-80aa-5e1021e9abba,Stacy King,84,"KL, Malaysia",61,female,2021-11-02
e821c2f3-65c3-4b2e-a886-78d7175ceabd,David Hartman,60,"LA, California, USA",17,female,2023-09-11
4b86cab2-ab38-41a3-96f5-f5cf37949157,Corey Craig,62,"San Jose, California, USA",70,other,2020-09-17
a5035c1e-bc87-40e1-80c4-2296cc9c1e04,Perry Mccarthy,17,"Madrid, Spain",19,female,2023-07-02
a3b152d8-a934-4d33-bab8-6d401abad0ba,Gary Rivera,16,"Milan, Italy",38,male,2020-08-20
c2753664-fe0e-4309-9342-39d9f2db9e6e,Jody Crawford,56,"Rio de Janeiro, Brazil",58,male,2023-01-21
8b2a8673-7716-4214-9757-df8024563cf9,Gary Hill,36,"Milan, Italy",75,female,2023-01-09
e990ccff-263d-4138-a7bf-e033af341ff3,Jack Bean,65,"San Jose, California, USA",75,female,2023-03-23
2d6dd0a9-dbbc-45ab-8af5-d16395484a66,Andrew Harris,26,"Rio de Janeiro, Brazil",22,other,2021-06-06
13ded17d-6e10-46c2-9565-213a7325eba4,Kyle Anderson,20,"Paris, France",57,male,2020-05-06
41a2f4e1-df3f-4d03-afd6-bb918131281a,Andrew Hogan,34,"Madrid, Spain",59,other,2021-09-02
fe91f895-6c78-4f60-9b3b-79a8a8d99a6a,Susan Houston,37,"Portland, Oregon, USA",33,male,2021-03-01
5d68fa4d-fe65-4d85-aa86-984e2220dc71,Adam Mcgee,29,"Salt Lake City, Utah, USA",71,male,2020-02-02
6eed9a52-6d68-413f-bbaf-3254cf204d4c,Heather Jackson,67,"Milan, Italy",3,female,2020-06-11
8ec3a83c-7171-49c4-8eee-8e4564b0661e,Donald Tucker,65,"KL, Malaysia",50,female,2021-04-22
6543ac57-2172-44ab-8a8f-477db8d4c324,Antonio Hale,87,"Madrid, Spain",56,male,2022-03-03
ebd4491c-3d9b-474e-95e6-31fb6d85eb66,Dr. Brenda Benson,83,"KL, Malaysia",58,female,2021-02-03
47176237-6b08-4e17-b552-d8271af88acb,Amanda Dean,90,"Salt Lake City, Utah, USA",39,other,2020-09-07
0231cd7e-8654-42b3-be36-205c118c1297,Steven Wilson,27,"Rio de Janeiro, Brazil",94,other,2020-09-04
9b26d24c-05b1-4632-b5ef-338522581e91,Teresa Wood,66,"Milan, Italy",50,female,2020-10-11
c0360714-6a7a-4b47-9078-2505f2210c89,Gregory Phelps,84,"Madrid, Spain",39,female,2024-03-27
0e1ba222-9a49-4665-9ea4-e1df9fdcb8d8,Stephen Caldwell,88,"Milan, Italy",68,male,2021-01-02
9486386c-8ab5-474d-9f1e-8eb8cabcd0e9,Angela Shaw,89,"Salt Lake City, Utah, USA",46,male,2021-02-25
3024ee29-9f01-427f-8566-8f3e04efda51,Ashley Wilson,64,"Madrid, Spain",6,female,2020-06-09
e1bd2bd3-dc50-4f2c-a5a9-23d3a8820c79,Kirk Smith,45,"LA, California, USA",74,female,2020-06-22
8888e296-bb5a-4da7-8c71-fe9d1e7031f0,Dr. Mackenzie Holmes,32,"Rio de Janeiro, Brazil",69,male,2021-03-22
6a12c63f-9bae-4118-a0a2-d9be83d40db4,Jeffery Brown,22,"Salt Lake City, Utah, USA",2,other,2023-04-21
1dd2a43f-b423-4d11-adef-2b59961c8c7c,David Perez,31,"Salt Lake City, Utah, USA",89,other,2023-06-12
5f498221-7de1-433f-90f7-48e99ca40721,James Webb,15,"Madrid, Spain",24,other,2020-11-11
e52e7b26-0972-4a3c-81b2-86abc9d96ae2,Johnny Peters,30,"Milan, Italy",51,other,2021-12-13
8e0d61ff-9348-4792-adb3-cd26dae116e5,Larry Gibson,21,"Portland, Oregon, USA",38,female,2021-06-01
7b820bd1-a6ce-45e8-bd24-f3e4e6ff59e5,Leslie Sweeney,68,"KL, Malaysia",7,other,2022-02-01
5a69a706-5697-4197-8390-77bcf3e46254,Charles Wright,43,"KL, Malaysia",57,male,2023-06-04
07d45b3a-145a-4d75-b3ad-07b0e65feb3d,Whitney Price,20,"Salt Lake City, Utah, USA",10,female,2023-07-30
8dbb231b-edf6-4497-a745-c454c148afd2,Holly White,30,"Madrid, Spain",98,other,2022-12-18
a3800a1c-bd2c-43b9-a3d5-cf1b4eaf10bd,Mrs. Michelle Smith DVM,47,"Paris, France",42,female,2023-08-21
588c9044-399e-4966-8e57-fedfd9f55b8f,Jordan Hernandez,59,"San Jose, California, USA",91,male,2021-03-29
fcf7a814-69a3-424e-97ad-ef1d22fc99e3,Christine Ramirez,69,"KL, Malaysia",60,female,2020-08-31
a6851648-4d2a-48ae-8253-b5afbb41bcf6,Alison Stewart,38,"Paris, France",8,male,2023-12-18
1134411f-1b86-48bd-84ae-264a00ae3006,Samantha Brown,18,"Rio de Janeiro, Brazil",66,other,2022-06-25
e523ebe7-4b68-4aab-bf14-7a295c49a950,Kimberly Robertson,83,"KL, Malaysia",78,other,2023-11-24
38e5588d-bb40-4752-bed2-48fe4411452b,Bradley Gray,89,"Rio de Janeiro, Brazil",4,male,2020-11-20
b975a6f8-e38e-41ce-b108-a03c3c9e6f3d,Joseph Snyder,66,"KL, Malaysia",54,male,2021-11-03
516942f5-2dda-4b72-bd70-bad127d2059d,Colleen Mccarty,59,"LA, California, USA",18,female,2021-01-31
61a29aa7-0e97-420b-8151-52a8ed6b0510,Thomas Norton,23,"Portland, Oregon, USA",64,other,2023-08-12
8e50e7c8-30f3-4701-be85-d5f89c815823,Ms. Nichole Kline,42,"Madrid, Spain",53,female,2021-08-19
4f668c46-f956-40cf-b70a-36c9fbd81028,Christopher Cruz,53,"Portland, Oregon, USA",63,male,2023-04-30
354c9ddf-8605-4b25-8b1a-b8e24a9c55df,Joseph Smith,84,"San Jose, California, USA",52,other,2022-04-18
11bdae74-758c-4852-8f09-fd12b9c286d4,Lisa Anderson,69,"KL, Malaysia",30,male,2021-01-17
2c545507-6d8a-4cc8-8c9f-3f5e52da06eb,Stephanie Williams,81,"Rio de Janeiro, Brazil",7,male,2021-04-08
3845d555-9942-4118-b1df-c53deb59dca7,Shannon White,67,"Salt Lake City, Utah, USA",10,male,2023-08-23
723ef121-ee1c-4277-9e77-6cf34a09cca3,Jennifer Williams,44,"Milan, Italy",81,male,2020-05-30
43089840-8861-40c8-b56a-7cdb065b8e66,Ruben Brown,30,"Milan, Italy",27,male,2023-09-28
1bc103c6-b60a-4810-9a90-5a99c725144d,Patricia Sanders,30,"LA, California, USA",79,female,2022-04-04
5e10280e-71e5-455b-b128-ff3bbb45357d,Tony Young,56,"Madrid, Spain",35,female,2023-06-08
acdcd25d-2204-4133-bbc4-24e6ceecc73c,Martin Kelly,16,"Paris, France",7,female,2022-09-04
26c769bc-dcc6-4e71-85a6-18723ad03414,James Johnson,85,"KL, Malaysia",44,female,2023-12-31
08b9a424-c0be-4abe-aa13-499400c12ccb,Brandy Powell,48,"Portland, Oregon, USA",25,other,2020-11-08
adae4985-af42-412c-889a-0988928bc7ee,Michael Vaughn,87,"KL, Malaysia",3,female,2020-08-21
3dec6aa3-161c-4a59-b10d-1b403fbaeccb,Melody Diaz,77,"Rio de Janeiro, Brazil",18,male,2023-10-08
3e82464d-5599-4c34-b141-88bf9d71a405,Carol Harmon,33,"Rio de Janeiro, Brazil",97,male,2023-07-01
483a6e55-7eba-47e4-9389-6d09ed7940b1,Annette Vega,60,"Milan, Italy",28,male,2024-02-14
b4a43a18-0a36-4c7d-a9c7-1068693d1bf7,John Dominguez,51,"LA, California, USA",77,other,2023-02-20
4352908c-5a0b-40ac-8569-583b76059f53,Tracy Perez,35,"Rio de Janeiro, Brazil",38,male,2020-12-02
0a480f17-88be-4fa4-99cf-182adf972229,Stephen Ferguson,64,"Paris, France",42,other,2024-01-23
157023af-50df-4e6f-9554-6bca13edb3b3,Danielle Lee,43,"Paris, France",81,female,2021-03-14
92934a45-fe3b-4250-af92-27f43a23be36,Stephanie Bell,73,"Madrid, Spain",30,female,2021-11-06
2ac369c4-f488-4ef6-b78f-138787580a2c,Julie Garcia,63,"Milan, Italy",82,other,2022-07-13
8937cf0e-3aad-4e15-a90e-637971183596,Jake Ramirez,70,"Rio de Janeiro, Brazil",88,female,2024-03-10
84cc4855-f7e2-4421-96b0-b98e756b9aa2,Jennifer Weeks,70,"San Jose, California, USA",88,male,2023-04-07
1ed4beda-6a47-4397-9359-1e22abf082d7,Christina Pena,66,"Portland, Oregon, USA",67,male,2021-10-02
a23564cc-ae98-427a-9eb0-6bf8b8ddc1ea,Kathryn Rose,47,"Salt Lake City, Utah, USA",27,female,2022-02-16
4fe08e6f-2881-4d44-a790-5008420c1db2,Maria Caldwell,88,"Rio de Janeiro, Brazil",35,other,2024-02-03
831c59f1-bf5b-41b2-8c37-2cd115fee4d0,Angela Mcmahon,41,"San Jose, California, USA",22,male,2022-11-11
0c83dae3-f65f-4802-8569-93d736756935,Willie Hobbs,65,"San Jose, California, USA",21,other,2023-05-19
3219d0e6-cb19-438d-bdea-9ad9f34cc978,Patrick Flores,55,"San Jose, California, USA",44,other,2021-08-25
dd7b7a36-350c-41a5-883d-ab2b8b9afd82,Vincent Baker,88,"San Jose, California, USA",74,female,2023-09-20
84f90f9e-95dc-4fe3-a974-9db96cb48800,James Martinez,21,"Madrid, Spain",57,male,2021-04-11
d31cfb25-e1c3-49ac-a2b3-0de9cee92e31,Jessica Wong,90,"Paris, France",20,female,2021-09-19
474db23f-c525-4a20-9cc2-67ea1256748c,Elijah Evans Jr.,30,"LA, California, USA",35,female,2021-12-08
ce673389-6196-4038-94e2-57150c8d531d,Edward Conley,60,"KL, Malaysia",30,other,2024-01-11
1cc4c045-d3f1-4e11-b621-3a7d4e053af2,Joshua Fuentes,37,"Madrid, Spain",60,other,2020-07-06
f50a89e1-75a4-46a8-a8fb-af7b914e162a,Jacqueline Sharp,74,"Paris, France",31,female,2022-05-30
b85d8441-ee7e-4f18-a7e4-fc2c5e68d5c9,Jenna Yates,41,"Madrid, Spain",97,male,2022-08-19
3c35ba56-7a7d-4dd1-a242-efbdb0dabf9f,Jeremy Colon,44,"Madrid, Spain",87,female,2020-10-01
bf79fbfe-01d1-46ac-a3e5-ac28c9f79f33,Donald Smith,70,"Rio de Janeiro, Brazil",74,other,2020-07-25
8fb199a0-b871-4c2a-8c7f-df8c0441b401,Robert Johnson,56,"Portland, Oregon, USA",100,other,2024-02-23
2cb7d2cf-2c21-491b-9569-0136a4089a7f,Adam Ramos,84,"Madrid, Spain",5,male,2021-08-02
2d683629-37a4-4a9a-a00c-616b340e8066,Kayla Wright,36,"Salt Lake City, Utah, USA",39,female,2021-11-21
def426b8-5187-40af-861d-bf7a61c50475,Joseph Camacho,80,"Madrid, Spain",8,female,2023-11-02
3c657e01-de46-412f-b9d4-b9c5ce8716c6,Travis Herman,88,"Rio de Janeiro, Brazil",54,female,2022-06-20
df90e2f0-4190-4fe0-a5ff-e0d73b82dff0,Jennifer Clark,43,"Madrid, Spain",12,other,2022-12-04
8eea7d5b-a136-40c4-9981-004e607332d4,Kristen Cox,88,"LA, California, USA",78,male,2022-09-03
5e36713d-e4bd-40e7-ba1e-56dff652683a,Austin Byrd,40,"Salt Lake City, Utah, USA",32,male,2024-02-04
e266e2fe-9f46-4c0f-9bc1-bb774b21e2c8,Brian Chen,48,"Madrid, Spain",87,female,2022-03-05
654a305a-06f6-4d54-9a89-06085197877f,Jessica Joseph,34,"KL, Malaysia",78,other,2020-08-27
1148f317-81f8-4b30-8bbf-bd704e19ae88,Scott Morrow MD,35,"Milan, Italy",41,other,2022-01-08
d1647cd3-e029-4cf3-a0e0-1b36c5d5aed5,Robert Daniels II,87,"Portland, Oregon, USA",99,female,2021-10-28
7699aaa8-4bbd-4d96-8ed5-a979d08dcaeb,James Stevens,29,"Madrid, Spain",76,male,2021-11-06
788b8b77-97ef-437b-9856-3c1fa5a7aeac,Maria Moore,73,"Milan, Italy",63,other,2020-07-02
962110d8-5ec9-4055-8cd8-76b56448ce0c,Keith Larson,27,"Salt Lake City, Utah, USA",31,male,2023-12-30
b1c59790-78e4-4a48-85e1-030454c88533,Francis Guerra,43,"Madrid, Spain",67,other,2024-01-30
d8277f21-85b0-46c6-b96b-5de819ff5d75,Emily Vasquez,52,"Milan, Italy",20,other,2022-02-16
c7859040-734b-484b-9e9f-16c487ada3fc,Meagan Thompson,33,"Madrid, Spain",30,male,2020-08-11
c2f0b81d-56a4-4c9d-9422-bdd92c4c05e6,Jeffrey Hobbs,80,"LA, California, USA",49,other,2023-07-18
7becb1ef-91f2-475b-b439-0613ec16e962,Raymond Burns,54,"San Jose, California, USA",58,female,2021-07-15
67ca7d38-311d-4c3f-89ad-9e763b9970a4,Michael Collins,73,"Madrid, Spain",98,other,2024-02-21
c0cfa224-e1b6-4140-8823-c6f3db5cb0c3,Amanda Lee,25,"Madrid, Spain",77,female,2022-01-02
b752e215-53b0-4686-9a82-87c3c89a47b5,Jesse Hill,31,"Portland, Oregon, USA",53,male,2023-08-20
9f20fe42-786a-40ad-9882-6e8f6ade3a02,Alfred Harper,87,"Milan, Italy",76,female,2020-07-18
8cca6d65-8dae-4b8a-8425-d3fdbbcb6b7d,Erika Snyder,69,"Rio de Janeiro, Brazil",26,female,2020-10-19
ae08c324-a514-4771-8fe4-db5a96cb8652,Sierra Harvey,28,"San Jose, California, USA",26,other,2022-02-13
4fa8cc6e-5fac-4e4d-b505-2179f4d235ce,Anna Blackburn,80,"Milan, Italy",49,other,2023-12-16
a05295c9-92d8-436b-b30d-7f70f70e7f11,Dakota Fischer,31,"Milan, Italy",35,female,2023-05-14
e293e758-7f3b-4c08-95fb-6fb86aade2c2,Amy Fernandez,83,"LA, California, USA",63,male,2024-03-13
a1f9c6b0-140b-4e96-b8b9-c8763c1c47a5,Pamela Bishop,76,"Rio de Janeiro, Brazil",80,male,2021-06-18
4547818c-dcc6-4dfc-a14c-924d6a7c5515,Richard Ayers,58,"Milan, Italy",18,female,2023-02-06
bfa81595-92dd-4cea-831b-89f85786c1b0,Mrs. Diane Nolan,44,"Portland, Oregon, USA",43,female,2022-01-03
be6c3aa6-c0ae-49e4-963f-ed5856ffa8d9,Deborah Wyatt,20,"Salt Lake City, Utah, USA",50,male,2020-07-05
e69be5cc-5e5c-4339-ac45-c98fd0d2a339,Laura Hernandez,52,"Milan, Italy",91,female,2023-01-21
bb91043d-a045-4a30-8ec6-11b34b66f7f0,George Rivera,30,"KL, Malaysia",26,other,2022-06-04
4e6b6a53-686c-4701-a059-22acc74bd4f6,Ashley Wood,70,"Paris, France",24,female,2022-05-23
7fe7a0fa-d1e6-4b5d-8511-2000fc1affb6,Robert Graves,27,"San Jose, California, USA",13,other,2021-09-21
17157f06-5176-4a33-91ff-263c0d504d78,Megan Wu,89,"San Jose, California, USA",70,other,2021-08-26
377f8987-0ede-4d1c-8828-fb7df2842f61,Kayla Wilson,55,"Milan, Italy",86,other,2022-01-30
7b56d180-2a82-4031-96cb-f657839d05f1,Catherine Mueller,42,"Salt Lake City, Utah, USA",31,male,2021-06-14
6f0a9299-e295-4bc6-81d0-db6429703fe7,Priscilla Sparks,90,"Rio de Janeiro, Brazil",8,female,2022-12-21
03878388-5db8-4a9a-ab48-9fb2b07498c0,Michael Hunter,54,"KL, Malaysia",18,male,2020-04-11
3e60a801-f94b-4365-a049-f12391a817f7,Jennifer Green,85,"Salt Lake City, Utah, USA",46,other,2023-08-12
5bde1d79-af58-4c07-bc8d-16d2f0671303,Sheila Harris,34,"San Jose, California, USA",81,female,2022-05-16
0c49b43f-78d0-43d7-9411-634fc9254401,Daniel Harris,31,"San Jose, California, USA",60,female,2021-11-10
e20fe1e4-94c7-420c-ad96-60d0c8d23534,Stanley Carter,20,"Rio de Janeiro, Brazil",10,female,2022-10-31
ef4e2bb5-1995-4f40-a541-fd9815bdcb70,Justin Fritz,33,"Portland, Oregon, USA",99,other,2021-07-12
7854870c-9ada-4045-b30f-d5002704da47,Ronald Gregory,87,"Paris, France",97,other,2021-04-19
333ee170-aa82-48bb-8aef-fbe5602ccd0e,Sharon Bailey,60,"LA, California, USA",44,male,2023-03-20
9b541541-394a-4b29-8a02-53687e829bcf,Suzanne Burns,25,"San Jose, California, USA",51,female,2022-07-24
793da03a-136e-4167-a178-41af6d15dd19,Scott Fleming,32,"Rio de Janeiro, Brazil",72,male,2020-10-05
5918f3bb-0439-445b-97b9-888cae03d6dd,Shawn Alvarez,74,"LA, California, USA",25,male,2022-08-26
7129513b-280d-4dd4-84f7-12bf6316d985,Christina Luna,15,"Portland, Oregon, USA",51,male,2021-02-18
850dcf2c-467a-410d-a8c3-5f9c44cf7221,Angela Hart,42,"Paris, France",47,other,2023-11-10
5cd58ab4-10b1-4ecd-add4-90cf676aac30,Melanie Jones,88,"Madrid, Spain",64,other,2020-11-02
950f8c11-0d30-447c-9489-ce5e51e7df7c,Paul Nielsen,64,"LA, California, USA",42,other,2023-05-31
885e92f0-91eb-4c84-a6ca-9061f0e9e3ec,Gregory Clark,25,"Madrid, Spain",68,other,2021-07-16
11ad208a-2553-43c1-8581-be3fdaba49a8,Dana Garcia,82,"Rio de Janeiro, Brazil",47,other,2022-04-13
19a528fb-fde6-448a-b6f8-57a0ecc435d1,John Lindsey,42,"Paris, France",2,female,2021-12-09
d7b44b6a-fc6e-44b8-92a2-ce87bdb530a5,Joseph Fuentes,83,"Paris, France",78,other,2021-03-01
2c29e584-cbba-4599-8942-e0ac5de53c6c,Deborah Gibson,53,"KL, Malaysia",17,male,2020-10-12
b09aa89b-4d13-451d-9b62-b0afcdeb67fe,Victoria Cox,35,"Milan, Italy",76,female,2023-09-30
66e2f09f-bcd7-43ce-8952-7b7ff5185259,Brian Williams,84,"Salt Lake City, Utah, USA",6,female,2023-09-16
7a4288f8-48e0-48e6-b5a6-8d5e16c845c8,James Orozco,65,"Salt Lake City, Utah, USA",39,other,2023-08-05
294ece25-6989-4c85-8aed-e49f73f2d50a,Latasha Mcdonald,65,"Paris, France",23,male,2022-02-01
c6b68bae-63c2-458f-bfc5-d1fc7bf219b6,Daniel Bowers,66,"LA, California, USA",18,other,2020-01-06
ed1bc4b6-12cd-4209-9e5b-9f5ef2cf86b7,Kimberly Alexander,53,"LA, California, USA",13,male,2023-02-23
b3871509-ee65-4aaf-8fc6-85fc88b3bf1f,Jessica Johnson,61,"Salt Lake City, Utah, USA",29,male,2023-05-04
60306d5e-cc86-4377-92ac-8c38553d1fb0,Ivan Elliott,74,"Milan, Italy",99,female,2020-05-04
981a84e6-bcfb-4b38-a2ec-ee23c1f34c59,Susan Guzman,63,"Milan, Italy",47,male,2022-10-10
979c85f5-4380-46e5-85d3-d04441312316,Stephen Smith,16,"KL, Malaysia",5,other,2021-12-01
8aa557d0-0e35-45e4-b8bb-726f254af04e,Mr. Steven Jennings Jr.,50,"LA, California, USA",87,female,2022-04-13
0e2d033c-ba77-467e-98d8-dc8560c3a702,Corey Chase,45,"San Jose, California, USA",25,male,2022-11-16
e1998cf6-840d-46fa-ad50-1447b90b84b7,Mr. Danny Boyer,64,"Portland, Oregon, USA",79,other,2020-01-19
e2e66b31-02dc-4eca-9488-0316d5c7ef95,Allison Wiggins,85,"Madrid, Spain",27,other,2022-12-24
0fe3e5a6-0c4c-491e-8695-4052499a4cbe,Tom Mitchell,37,"Rio de Janeiro, Brazil",46,female,2020-03-01
7c376af9-4203-443c-a24f-6a8e4a48d4fb,Steven Patterson,77,"San Jose, California, USA",48,female,2023-06-10
fdead008-baa1-4877-aaaa-6cfc55b4f109,Nicholas Hernandez,20,"Paris, France",2,female,2020-02-13
c66687f6-89e8-4e85-a92c-02f85f7f2358,Edward Robinson,15,"Portland, Oregon, USA",71,male,2022-05-30
1b2a68a2-e086-4f23-a074-c4450bc10673,Melissa Johnston,59,"KL, Malaysia",62,male,2022-08-12
0a7d3b1c-d651-4b9b-9a23-9c3ec7af5401,Jeffrey Lee,43,"Madrid, Spain",62,other,2020-09-02
e40809af-54f6-4d84-99bd-cccc69e61bf8,Kimberly Macias,69,"Salt Lake City, Utah, USA",83,other,2022-10-25
d00c4d04-3479-4375-a05b-25136a1f7ae9,Luis Clay,51,"LA, California, USA",90,male,2021-09-05
34a496dd-c65f-43d5-92f2-b2d40798d15a,Eric Davis,88,"Paris, France",36,female,2020-04-21
0ec413b2-e4b1-43f1-8c82-080fd4588e4e,Emily Smith,54,"LA, California, USA",46,female,2022-10-31
e9a103aa-1d83-41cb-a87a-cb365cf1f41b,Jesse White,53,"Rio de Janeiro, Brazil",21,other,2023-09-16
445b9a2c-513d-4338-a589-b2833491d4db,Dawn Glenn,71,"Madrid, Spain",86,male,2022-03-29
e0f4ca68-6e60-4f24-8244-2277b83a31dc,Nicholas Mann,84,"Madrid, Spain",91,female,2023-02-11
1f290e4b-8f50-4add-a0ff-6a0b792ed56f,Christopher Clark,38,"Rio de Janeiro, Brazil",85,other,2020-02-21
a0584bb9-636c-47fe-897a-2c85fdc5732c,Megan Roach,34,"LA, California, USA",80,male,2023-10-15
f3ae87c9-ed14-4d02-ae7f-dfdaa1f589bb,Jennifer Harrison,69,"Milan, Italy",59,female,2023-07-21
406a1485-2c08-45cf-a4e3-bd16ccc89877,John Gonzales,90,"Milan, Italy",55,male,2020-08-25
6e78dfd1-2ec6-4649-be23-0c551f777650,Jennifer Davenport DDS,90,"Paris, France",96,male,2024-01-13
f6ee1300-76d5-46ab-a4c4-b59b0d22f5d0,Sarah Thomas,46,"LA, California, USA",15,female,2023-04-19
29816100-8190-4628-b0b8-4eb12f7ac268,Audrey Torres,41,"Portland, Oregon, USA",82,female,2023-06-15
aa71a04c-d9e4-42fe-acf9-a104c160a9fd,Rachel Jimenez,52,"Milan, Italy",2,male,2022-05-21
419d417a-afaf-45d2-bdce-e870ca554c58,Kyle Leonard,41,"Milan, Italy",35,female,2021-05-23
e0ff6a05-9cf9-4c10-abed-036c81b34dc5,Connie Richardson,83,"KL, Malaysia",98,other,2022-10-12
89d7b582-a107-4fa1-a104-f7bd49b9b798,Ashley Brewer DDS,45,"LA, California, USA",3,other,2020-03-21
154bef63-b828-46d8-a14f-b2015c84071c,Cheryl Parker,30,"Portland, Oregon, USA",69,other,2020-12-07
5a08d73a-8594-4774-9654-c9bbf64c9ca5,Joshua Johnson,82,"KL, Malaysia",70,female,2020-03-30
f160404c-8e8b-4c89-976a-58c2b2825a49,Dawn Garcia,53,"LA, California, USA",49,female,2021-03-19
0852f003-f43a-4675-8d85-209b8c289a92,Brian Livingston,49,"San Jose, California, USA",87,other,2022-10-09
d2b11181-8921-4e66-8a92-fdb9755f866c,Erik Howard,64,"Salt Lake City, Utah, USA",40,female,2022-04-19
c356d1ed-4771-4c9d-b4d8-539843f1b8a9,Kelsey Grant,51,"KL, Malaysia",39,male,2020-12-23
e957d329-4eb4-46dd-92f9-52b942f033f5,Brandon Carter,51,"Madrid, Spain",100,female,2024-02-12
cca83878-899d-47a6-8af0-f811507593e3,Elizabeth Nielsen,68,"KL, Malaysia",33,female,2021-10-28
2cc4f503-43a6-4a0f-9558-c6ddff4203ec,Valerie Leach,65,"Paris, France",76,male,2023-03-20
e78b42f3-592a-4f26-b17b-bc172af3f318,Stephanie Bradley,25,"Rio de Janeiro, Brazil",54,other,2020-09-28
bccae906-f95d-4cf7-9f76-0f4f79823801,Angela Lopez,18,"Milan, Italy",67,female,2020-10-15
828e91d4-ba51-4e7b-a2d5-092cce297f80,Kirsten Mann,58,"Milan, Italy",76,female,2021-03-19
0bbce6a8-d13c-4f7d-9faa-e3e9c51da0ba,Janet Bartlett,50,"Portland, Oregon, USA",44,other,2020-12-22
d3ec11dc-d501-4ce8-9817-7e0b516c05ac,Chloe Berry,76,"Madrid, Spain",12,other,2020-08-04
fe599e8c-c7a2-4480-ae41-7a1e955cd246,Joyce Schneider,72,"San Jose, California, USA",17,male,2020-05-26
63dd3f5c-d747-451c-9e1c-80147207e5d4,Jessica Stevenson,40,"KL, Malaysia",59,male,2024-03-02
b142e340-014c-4d48-8df9-eac4f90bd143,Shannon Brown,15,"Milan, Italy",52,other,2022-11-23
7e246a69-d165-4047-afa3-d8c8d402af18,Tonya Smith,34,"KL, Malaysia",14,male,2022-10-05
70a129fc-5447-4756-b0ee-4bc9e161105e,Amanda Williams,37,"San Jose, California, USA",85,other,2021-07-07
ce8a9aac-02e9-4ac9-b7b1-b2d387ebe3df,Tonya Morales,28,"LA, California, USA",41,female,2022-07-06
07a1e537-734a-483d-a4ac-92044c2ab336,Rebecca Butler,89,"Salt Lake City, Utah, USA",97,other,2022-07-14
3d4b8b90-7431-4aeb-8e03-8f9abf29727c,Heather Sparks,83,"Rio de Janeiro, Brazil",69,male,2021-03-01
8c797181-4f79-43b2-8a71-877ae876a1fe,Sean Mccoy,75,"KL, Malaysia",12,male,2022-03-17
159bed4d-9812-4ff1-852f-7b077bcdd1ad,Christopher Cox,69,"Rio de Janeiro, Brazil",63,female,2023-04-17
719ba607-f8f7-43f0-8176-e829137a9a3a,Mikayla Lambert,70,"LA, California, USA",41,male,2020-04-20
b41db94b-000f-4a89-b498-557a9d37a0b9,Mr. Robert Brewer MD,59,"Paris, France",59,male,2022-03-21
31bc5363-de90-4759-9d1d-1ec5b8327c79,Jose Bradley,71,"San Jose, California, USA",19,female,2023-05-21
5f8c5f9e-0953-408f-9418-e1d082a6492e,Jill Liu,63,"Portland, Oregon, USA",14,male,2023-09-16
36673fcf-987b-4d46-9dfc-3b07b72be9c0,Laura Mills,65,"Paris, France",75,male,2021-04-25
519498e3-b0ff-4caa-a352-d84acf7984df,Cheryl Jackson,49,"LA, California, USA",53,other,2024-01-13
366c29b1-dc24-450e-9140-ee5af9d0609d,Tiffany Nelson,74,"KL, Malaysia",86,other,2023-04-18
1ecf49c0-b436-4239-8f82-4ce15a09ba8d,Jeremiah Andersen,47,"Salt Lake City, Utah, USA",77,other,2021-11-10
3275d886-0192-4af2-b8d2-7d819e33b410,Molly Reed,38,"LA, California, USA",71,female,2022-10-13
98e546f4-5cf6-4ae2-8c69-db1bba654467,Julia Chapman,43,"Milan, Italy",62,other,2021-01-30
110d3342-0978-467d-a3e7-418be61be84d,Heidi Bryant,66,"Milan, Italy",20,male,2021-09-19
1f27c228-d221-450c-bd49-f076482343ca,Aaron Phillips,89,"San Jose, California, USA",6,male,2023-12-23
3dea25d1-c718-4f08-b76b-9a4046a52c28,Amy Williams,53,"KL, Malaysia",86,male,2020-03-25
d13cbd98-5aea-47e6-8c9d-8c3a4d6f63a7,Joseph Mcdonald,16,"Salt Lake City, Utah, USA",62,other,2021-02-17
db3f3828-92a1-45b5-8264-af5bec2d8e2b,Dillon Edwards,36,"LA, California, USA",17,female,2020-01-12
31083a8c-012f-43ce-ba82-743da41150ea,Kayla George,89,"Portland, Oregon, USA",2,female,2021-08-05
a1ce0023-f35a-44c2-9023-3b7d78c213d7,Jason Wilson,60,"San Jose, California, USA",56,other,2020-04-20
57daedbc-f567-4d60-b74c-eb96ba335522,Alexander Andrade,84,"San Jose, California, USA",91,female,2023-04-27
7a759d8c-a892-49f8-a611-64760eaa156d,Joshua Navarro,47,"San Jose, California, USA",51,male,2023-05-11
198aea3e-78db-4b7e-9d1c-26bdaa66581f,Matthew Pacheco,69,"Paris, France",57,female,2023-10-08
4ce7f355-d59a-47de-a5b7-dc2e47e914dd,Melvin Hawkins,46,"Salt Lake City, Utah, USA",56,female,2021-10-22
0268d569-84d1-4712-9ba7-1411f8e77ae8,Dylan Willis,75,"KL, Malaysia",23,male,2022-05-08
4da3c823-2c44-435a-a99d-da8406c6f5da,Megan Wagner,30,"Rio de Janeiro, Brazil",62,female,2020-11-05
ac53f26b-72e6-4991-930f-9951570bf800,Faith Rosales,70,"KL, Malaysia",13,male,2020-11-04
0f8751ea-5207-432a-87c0-a3cbcfab7002,James Brown,38,"LA, California, USA",57,male,2021-07-24
a40dcc66-01d8-498b-931b-c39099087d32,Sara Colon,46,"San Jose, California, USA",59,male,2022-04-29
edafd0d5-6aff-4fcc-9fab-a8e923e23308,Cameron Gay,60,"Paris, France",21,female,2020-09-14
174609ae-0921-4d69-ab7b-0f3810a6a5b0,Alexander Christensen,23,"LA, California, USA",100,male,2022-05-11
103cc66b-22f6-455b-b615-15176327cf9f,Adam King,30,"San Jose, California, USA",46,female,2020-12-20
0e5cbacc-b48b-4510-a629-50136c66ff02,Joshua Gray,74,"LA, California, USA",83,other,2020-01-15
eb2918f4-d7d6-4814-bdb0-bcec02984885,Jasmine Mccann,52,"LA, California, USA",49,male,2021-02-19
71980cef-8110-49bd-9f58-24c946fff48a,Jackson Miller,88,"San Jose, California, USA",81,male,2024-02-18
32a2c2d9-8691-4435-b95a-cfd0841c72e0,John Lucero,62,"LA, California, USA",68,female,2022-05-12
5d920992-e0d7-4431-9e2b-5c8af209c7da,John Ortiz,87,"Madrid, Spain",81,female,2022-12-09
06f83b44-bd3b-4a91-8d44-d63e71ead34a,Jennifer Williams,60,"Madrid, Spain",47,other,2020-09-16
8be8d56f-d150-4056-87ea-b00c530ee7e5,Dennis Townsend,73,"Portland, Oregon, USA",30,female,2024-01-26
8f8873e3-5cfc-4175-a52e-a48ba822d9b7,Mark Crane,64,"Salt Lake City, Utah, USA",26,female,2021-07-03
bc2078d3-a863-42ad-992e-e579662ce302,Curtis Herman Jr.,26,"Portland, Oregon, USA",77,other,2022-12-11
a0147309-09b5-4d79-bdf9-7fd309a65e4a,Mark Cohen,64,"Rio de Janeiro, Brazil",7,other,2022-07-02
7b385ec2-7439-4660-9af3-38fa30e342ac,Rebecca Briggs,37,"Milan, Italy",100,male,2021-04-29
5511392a-2aed-4b54-b812-aece2527e9a4,Marie Gordon,66,"Madrid, Spain",62,female,2021-09-14
bcfb3786-f7e2-4b30-94e4-080e8546ff9f,Dominique Conway,55,"San Jose, California, USA",7,other,2022-09-26
6c505449-de67-4ece-97f3-4da1ed781fad,Richard Shaw,17,"LA, California, USA",16,male,2020-05-08
acb1a253-386a-4c19-be09-8150d8ff2bbb,Cindy Herrera,38,"Portland, Oregon, USA",33,other,2023-08-06
7abd8cd5-ad4a-4f8a-a50b-e74265953d30,Andrew Walton,65,"Salt Lake City, Utah, USA",53,female,2021-12-15
0ef133b9-5d5a-4c72-894f-88a82632cc3f,Danielle Turner,53,"Rio de Janeiro, Brazil",71,male,2023-09-15
a5934b1a-a1eb-4685-b0a4-cf873c7de480,Melissa Wade,77,"Portland, Oregon, USA",9,female,2021-06-19
d3ad2f00-e0da-46eb-9d4f-a43b72c460f2,Susan Miranda,28,"Portland, Oregon, USA",12,other,2022-12-14
9d0e9bde-7fee-43ce-a58b-1c0ea21a8da9,Alexander Harris,22,"LA, California, USA",65,female,2021-06-14
213898a4-1182-494f-a544-60ec1669e1ff,Richard Flores,31,"Milan, Italy",48,other,2022-05-13
45034dcd-9044-484b-9c44-9acfd1c86067,Ashley Stone,70,"Salt Lake City, Utah, USA",70,male,2020-04-28
cbac7762-abd7-4dff-8f13-d84324f6c901,Dawn James,35,"Milan, Italy",34,male,2020-03-23
bdc6d09d-e5e4-4ca9-a69b-1bbb0fb4ac23,Robert Allen,21,"KL, Malaysia",17,male,2022-06-03
7139d227-b1f7-4c00-a2ac-4ff86c1eebe4,Shannon Koch,22,"Rio de Janeiro, Brazil",32,female,2021-09-20
21e649ab-8557-46cd-afb2-e404c893cab0,Rebecca Dominguez,83,"Salt Lake City, Utah, USA",66,other,2021-01-01
dabaffe7-4ddc-4709-83ee-567a07a66b8b,Haley Turner,85,"San Jose, California, USA",89,female,2020-06-04
7dc21db2-82c7-4596-84c5-fd6ea92ac8cf,Autumn Farley,59,"Portland, Oregon, USA",24,other,2024-02-10
1c912e67-fb3b-4752-bf84-a1b9672ca45f,Mia Brown,63,"Salt Lake City, Utah, USA",62,female,2020-05-12
bfd2188c-8a79-4dac-93cf-27dcad40e7f0,Amanda Bryant,36,"Portland, Oregon, USA",75,male,2024-01-03
e7b12851-0684-4cae-8af8-e457a0d4c56f,Anne Franklin,69,"San Jose, California, USA",82,other,2020-08-22
477c391b-d28e-43f3-9ea7-a611503eaeed,John Johnson,74,"San Jose, California, USA",38,male,2021-10-15
102916ea-127d-4765-88f4-b7add546aaf9,Michael Huang MD,15,"San Jose, California, USA",54,female,2023-08-09
7136c5aa-b479-4bfd-aa91-04899f4994e1,Christopher Greene,45,"Madrid, Spain",20,male,2022-12-01
dbacde11-f292-4f57-9f46-3c2c6d3739b2,Jacob Webster,53,"Portland, Oregon, USA",85,female,2023-11-02
40ae699b-d196-4cdf-9610-afd31dfdfd80,Mary Nelson,67,"Milan, Italy",62,other,2022-05-10
ed9750c6-f0db-4fb7-b7d9-9290388902ba,Keith Wilson,84,"San Jose, California, USA",8,male,2020-12-31
9f6be7c9-6cd1-433c-a0dc-1c041661a1d0,Diana Frazier,63,"Paris, France",47,female,2020-01-09
052ac7b9-b1aa-420d-b222-f619b0b0eac1,Jenna Valentine,42,"Rio de Janeiro, Brazil",89,male,2021-05-05
d454ca82-cd67-40af-a993-d59c5fd22fc5,Jennifer Lucero,15,"Milan, Italy",6,female,2020-01-15
79708c2f-79db-429c-a453-db5e51c56b9f,Michelle Pierce,78,"Paris, France",95,other,2020-08-22
323bcc08-411f-442c-a010-192fe2cda00b,Paul Henderson,29,"Madrid, Spain",59,male,2020-05-14
520ace39-ce07-46f9-9849-9b7c580b70d6,Sarah Davis,81,"Madrid, Spain",32,female,2022-10-27
b2e72b1e-264b-4d57-84a2-e6678a983bc8,Rebecca White,24,"Rio de Janeiro, Brazil",87,male,2023-10-27
d345c81d-fd93-4f75-bd70-d78576eed7e7,Juan Schmidt,52,"San Jose, California, USA",9,male,2023-08-25
c467219d-d2eb-4f2d-83ad-2667fd4085e9,Charles Baxter,16,"San Jose, California, USA",15,female,2020-12-19
f3055520-c615-4b9b-887d-645a5ce97f9d,William Berry,39,"KL, Malaysia",42,other,2023-10-06
a47063b9-57b3-4ee0-8627-930b9a5cec8a,Timothy Smith,67,"Rio de Janeiro, Brazil",91,male,2022-06-17
39ffb556-159c-4918-9eb8-ca0cf6174db3,Hannah Mejia,23,"Salt Lake City, Utah, USA",18,female,2021-04-08
33a90df6-a791-4f70-baab-dc0d2a05156e,William Griffin,60,"Rio de Janeiro, Brazil",77,other,2023-12-05
760428f4-1dba-42bf-ac5e-86aa560e19a3,Charlene Diaz,57,"KL, Malaysia",66,male,2020-03-29
bee88a73-bc23-4e98-b572-2af6fb17c124,Justin Hill,52,"LA, California, USA",1,female,2022-05-22
eb7d0a61-735a-4302-ac15-f2baf0875877,Daniel Harrison,67,"Salt Lake City, Utah, USA",25,other,2021-03-29
0be2b016-cc1c-4118-b741-4d986c7ae3f4,Christopher Flynn,77,"Rio de Janeiro, Brazil",47,male,2020-01-15
5342d2f8-4aaf-4a4f-82ca-7a7b4333a1f9,Brittany Levy,88,"Paris, France",95,male,2022-01-08
8715fc14-6ec5-4d52-8f91-d481066a2d22,Justin Patel,75,"Rio de Janeiro, Brazil",44,male,2023-08-22
3a782270-116a-4748-b7d9-d7c894bc7cab,Gabriel Payne,60,"Portland, Oregon, USA",86,male,2022-09-10
f8ac3989-1367-458b-b3c5-be240f335645,Jacob Cox,19,"LA, California, USA",78,female,2024-02-09
d22c03fb-cfe5-4534-8737-66baaf4a45d9,Amy Harris,47,"Madrid, Spain",23,other,2022-04-28
681272a3-3dd5-4115-9837-054456d26d8d,Jessica Carlson,51,"Milan, Italy",40,male,2023-06-26
e8b759df-dbca-4c77-8823-3035376160da,Megan Garcia,20,"Portland, Oregon, USA",95,male,2020-05-19
bc13d02f-94b7-4e22-a695-28f26ef88b32,Susan Wilson,26,"Milan, Italy",38,other,2023-06-18
792cf10c-5879-4abd-91f7-01e843137fd7,Christina Velez,50,"KL, Malaysia",71,other,2020-12-09
4a12495e-1b2a-4b86-a3e7-b0db891e15d3,Dawn Carr,51,"Paris, France",17,female,2022-02-03
60de2702-ba2b-43e4-a49d-13e790e01e53,Scott Ruiz,47,"Madrid, Spain",73,female,2020-07-20
380daca3-a8f2-40a4-818f-e4c72b411268,Dr. Linda Vincent,75,"Milan, Italy",44,female,2023-06-13
fcca7b72-2ffb-4c82-bea1-b00afbe26d04,Jonathan Brandt,51,"Milan, Italy",77,male,2021-11-22
a4b37a7f-3c48-468f-8340-b4fffd21b111,Amanda Dougherty,28,"San Jose, California, USA",36,male,2020-08-30
a470d9fc-00d4-4fb6-b203-8dedb2e53f44,Benjamin Collins,15,"Madrid, Spain",42,other,2021-01-14
c3b6a2bd-762f-40b1-a3bc-6e9f982abf86,Mary Miller,41,"Rio de Janeiro, Brazil",63,other,2021-11-05
f4054665-ce78-419f-98f1-336b6dc88e32,John Barrera,33,"LA, California, USA",75,female,2023-02-02
27cf0ab5-8944-4bd4-b696-1a0e31f65406,Richard Adams,23,"Milan, Italy",45,male,2020-06-10
b8cf8c6b-b993-4a5c-ac0e-57cbbce08bbe,Jessica Mason,30,"Portland, Oregon, USA",71,other,2023-06-09
6aa917ee-cb84-4143-acb3-51fb27d042c4,Jill Davis,30,"Salt Lake City, Utah, USA",38,male,2023-06-18
fa0cff40-a17d-4aa4-bddb-621852d5ae89,Michelle Greene,48,"KL, Malaysia",71,female,2020-08-07
e004504f-ce5a-4ce0-b77a-db23fc1edab4,Ashley Johnson,71,"Portland, Oregon, USA",30,female,2023-08-27
a26b0fd3-0d12-4317-ad06-fab73e9dc7f0,Megan Austin,16,"Salt Lake City, Utah, USA",87,female,2023-10-12
19a8f36f-e63c-4761-9e3b-23f363b860e0,Amber Castaneda,55,"KL, Malaysia",33,male,2023-09-07
8a16b71d-0a62-4683-82f2-ea7da09fb7b7,Christopher Maynard,57,"San Jose, California, USA",45,female,2023-10-15
c0cf9e7d-bd76-4509-8989-3ab3590766a4,Gregory Coleman,56,"LA, California, USA",56,male,2021-08-07
92a9aa75-e65d-40a8-abbe-abf1c39e3717,Anthony Mitchell,89,"Milan, Italy",92,other,2020-04-29
3aa645c0-e512-463d-b566-5abf94e8726e,Christopher Tanner,75,"LA, California, USA",3,male,2022-09-27
2ca13b62-4c4d-453b-8891-e543fce53852,Steven Schultz,87,"Portland, Oregon, USA",72,other,2021-08-13
3ebd5ab0-af56-40cd-a50a-a50b3c5e7fec,Eric Clark,80,"San Jose, California, USA",4,male,2021-02-15
c140850f-e3ac-4475-9075-5db642c200a9,Randy Smith,51,"LA, California, USA",1,male,2020-06-08
ad80f656-17e9-4498-be7c-8c3c8b66b6bd,Erin Johnston,54,"Paris, France",65,other,2022-02-18
9b8d9184-7618-49da-8a7a-25d09fb5f875,Michael Turner,42,"Milan, Italy",25,other,2021-01-12
dae917ee-fda9-4de1-a69b-8f7244cf9844,Deborah Pearson,17,"Milan, Italy",3,female,2020-08-03
88e22de6-7b3c-4e18-a35c-1b1875b9becd,Melanie Clark,57,"Portland, Oregon, USA",62,other,2020-04-28
b015bab5-b4e3-4368-8e06-70b50e6120c2,David Stanton,86,"Portland, Oregon, USA",58,female,2021-07-20
bbc7c5b4-6fd8-4f7e-a089-e30aa5d7fd46,David Torres,67,"Milan, Italy",70,male,2023-11-25
a43f19b0-f586-47f8-85fd-119cfab50a4b,Melissa Swanson,74,"Paris, France",14,other,2022-02-07
34ff7ca9-251f-4930-a483-24eed3214d7e,Jeffrey Bautista,63,"Milan, Italy",7,female,2021-05-05
c236ba7f-dd95-4207-b5f6-16fab86a5c89,Tamara Johnson,15,"Milan, Italy",61,other,2023-09-26
e4587bfe-f586-48b5-83ea-a44539fde0f0,Susan Carroll,59,"Rio de Janeiro, Brazil",82,female,2022-10-12
